name,type,value,date
河北省,Hebei,331,2020/6/15
北京市,Beijing,681,2020/6/15
北京市,Beijing,645,2020/6/14
上海市,Shanghai,691,2020/6/14
陕西省,Shaanxi,313,2020/6/14
辽宁省,Liaoning,151,2020/6/14
重庆市,Chongqing,580,2020/6/14
广东省,Guangdong,1625,2020/6/14
四川省,Sichuan,583,2020/6/14
山东省,Shandong,792,2020/6/14
香港,Hong Kong,1109,2020/6/13
海南省,Hainan,171,2020/6/13
北京市,Beijing,601,2020/6/13
内蒙古自治区,Neimenggu,237,2020/6/13
四川省,Sichuan,583,2020/6/13
上海市,Shanghai,690,2020/6/13
广东省,Guangdong,1608,2020/6/13
香港,Hong Kong,1108,2020/6/12
北京市,Beijing,597,2020/6/12
天津市,Tianjin,196,2020/6/12
福建省,Fujian,361,2020/6/12
四川省,Sichuan,582,2020/6/12
上海市,Shanghai,689,2020/6/12
广东省,Guangdong,1607,2020/6/12
内蒙古自治区,Neimenggu,237,2020/6/12
北京市,Beijing,595,2020/6/11
上海市,Shanghai,684,2020/6/11
陕西省,Shaanxi,311,2020/6/11
福建省,Fujian,360,2020/6/11
四川省,Sichuan,582,2020/6/11
广东省,Guangdong,1607,2020/6/11
天津市,Tianjin,195,2020/6/10
香港,Hong Kong,1107,2020/6/10
台湾,Taiwan,443,2020/6/10
内蒙古自治区,Neimenggu,237,2020/6/10
广东省,Guangdong,1604,2020/6/10
香港,Hong Kong,1107,2020/6/9
上海市,Shanghai,678,2020/6/9
北京市,Beijing,594,2020/6/9
四川省,Sichuan,582,2020/6/9
广东省,Guangdong,1604,2020/6/9
内蒙古自治区,Neimenggu,235,2020/6/9
香港,Hong Kong,1107,2020/6/8
四川省,Sichuan,581,2020/6/8
广东省,Guangdong,1602,2020/6/8
山东省,Shandong,792,2020/6/8
内蒙古自治区,Neimenggu,235,2020/6/8
上海市,Shanghai,678,2020/6/8
香港,Hong Kong,1106,2020/6/7
台湾,Taiwan,443,2020/6/7
吉林省,Jilin,155,2020/6/7
福建省,Fujian,359,2020/6/7
陕西省,Shaanxi,311,2020/6/7
海南省,Hainan,170,2020/6/7
广东省,Guangdong,1602,2020/6/7
上海市,Shanghai,677,2020/6/7
香港,Hong Kong,1105,2020/6/6
天津市,Tianjin,193,2020/6/6
广东省,Guangdong,1601,2020/6/6
香港,Hong Kong,1102,2020/6/5
吉林省,Jilin,155,2020/6/5
台湾,Taiwan,443,2020/6/5
上海市,Shanghai,677,2020/6/5
天津市,Tianjin,192,2020/6/5
湖北省,Hubei,68135,2020/6/5
四川省,Sichuan,578,2020/6/5
广东省,Guangdong,1598,2020/6/5
内蒙古自治区,Neimenggu,235,2020/6/5
香港,Hong Kong,1099,2020/6/4
吉林省,Jilin,155,2020/6/4
上海市,Shanghai,673,2020/6/4
北京市,Beijing,594,2020/6/4
内蒙古自治区,Neimenggu,235,2020/6/4
广东省,Guangdong,1598,2020/6/4
香港,Hong Kong,1093,2020/6/3
吉林省,Jilin,155,2020/6/3
台湾,Taiwan,443,2020/6/3
江西省,Jiangxi,932,2020/6/3
黑龙江省,Heilongjiang,947,2020/6/3
北京市,Beijing,594,2020/6/3
广东省,Guangdong,1597,2020/6/3
香港,Hong Kong,1093,2020/6/2
上海市,Shanghai,673,2020/6/2
四川省,Sichuan,577,2020/6/2
内蒙古自治区,Neimenggu,235,2020/6/2
广东省,Guangdong,1596,2020/6/2
吉林省,Jilin,155,2020/6/1
福建省,Fujian,358,2020/6/1
上海市,Shanghai,672,2020/6/1
台湾,Taiwan,443,2020/6/1
香港,Hong Kong,1087,2020/6/1
陕西省,Shaanxi,309,2020/6/1
湖北省,Hubei,68135,2020/6/1
四川省,Sichuan,575,2020/6/1
广东省,Guangdong,1595,2020/6/1
内蒙古自治区,Neimenggu,235,2020/6/1
香港,Hong Kong,1084,2020/5/31
台湾,Taiwan,442,2020/5/31
山东省,Shandong,792,2020/5/31
吉林省,Jilin,155,2020/5/31
山东省,Shandong,791,2020/5/30
台湾,Taiwan,442,2020/5/30
香港,Hong Kong,1082,2020/5/30
内蒙古自治区,Neimenggu,232,2020/5/30
湖北省,Hubei,68135,2020/5/30
上海市,Shanghai,672,2020/5/30
广东省,Guangdong,1593,2020/5/30
海南省,Hainan,169,2020/5/29
香港,Hong Kong,1079,2020/5/29
吉林省,Jilin,155,2020/5/29
台湾,Taiwan,442,2020/5/29
上海市,Shanghai,671,2020/5/29
香港,Hong Kong,1066,2020/5/28
吉林省,Jilin,155,2020/5/28
台湾,Taiwan,441,2020/5/28
福建省,Fujian,358,2020/5/28
广东省,Guangdong,1592,2020/5/28
上海市,Shanghai,671,2020/5/28
香港,Hong Kong,1066,2020/5/27
台湾,Taiwan,441,2020/5/27
上海市,Shanghai,670,2020/5/27
湖北省,Hubei,68135,2020/5/27
内蒙古自治区,Neimenggu,232,2020/5/27
香港,Hong Kong,1065,2020/5/26
台湾,Taiwan,441,2020/5/26
上海市,Shanghai,669,2020/5/26
福建省,Fujian,357,2020/5/26
内蒙古自治区,Neimenggu,232,2020/5/26
辽宁省,Liaoning,149,2020/5/26
台湾,Taiwan,441,2020/5/25
上海市,Shanghai,668,2020/5/25
湖北省,Hubei,68135,2020/5/25
四川省,Sichuan,564,2020/5/25
内蒙古自治区,Neimenggu,227,2020/5/25
广东省,Guangdong,1592,2020/5/25
天津市,Tianjin,192,2020/5/25
香港,Hong Kong,1065,2020/5/24
辽宁省,Liaoning,149,2020/5/24
上海市,Shanghai,668,2020/5/24
陕西省,Shaanxi,308,2020/5/24
广东省,Guangdong,1592,2020/5/24
北京市,Beijing,593,2020/5/24
吉林省,Jilin,155,2020/5/24
台湾,Taiwan,441,2020/5/24
陕西省,Shaanxi,308,2020/5/23
台湾,Taiwan,441,2020/5/23
吉林省,Jilin,154,2020/5/23
上海市,Shanghai,667,2020/5/23
香港,Hong Kong,1065,2020/5/22
台湾,Taiwan,441,2020/5/22
吉林省,Jilin,154,2020/5/22
内蒙古自治区,Neimenggu,217,2020/5/22
上海市,Shanghai,667,2020/5/22
北京市,Beijing,593,2020/5/22
广东省,Guangdong,1591,2020/5/22
四川省,Sichuan,563,2020/5/22
上海市,Shanghai,667,2020/5/20
内蒙古自治区,Neimenggu,217,2020/5/20
吉林省,Jilin,152,2020/5/20
澳门,Macau,45,2020/5/19
台湾,Taiwan,440,2020/5/19
上海市,Shanghai,666,2020/5/19
吉林省,Jilin,151,2020/5/19
湖北省,Hubei,68135,2020/5/19
陕西省,Shaanxi,308,2020/5/19
内蒙古自治区,Neimenggu,216,2020/5/19
香港,Hong Kong,1055,2020/5/18
台湾,Taiwan,440,2020/5/18
河北省,Hebei,328,2020/5/18
北京市,Beijing,593,2020/5/18
吉林省,Jilin,146,2020/5/18
内蒙古自治区,Neimenggu,213,2020/5/18
上海市,Shanghai,666,2020/5/18
香港,Hong Kong,1055,2020/5/17
台湾,Taiwan,440,2020/5/17
天津市,Tianjin,192,2020/5/17
吉林省,Jilin,144,2020/5/17
北京市,Beijing,593,2020/5/17
广东省,Guangdong,1590,2020/5/17
黑龙江省,Heilongjiang,945,2020/5/17
澳门,Macau,45,2020/5/17
上海市,Shanghai,665,2020/5/16
吉林省,Jilin,140,2020/5/16
陕西省,Shaanxi,308,2020/5/16
内蒙古自治区,Neimenggu,209,2020/5/16
北京市,Beijing,593,2020/5/16
黑龙江省,Heilongjiang,945,2020/5/16
山东省,Shandong,788,2020/5/16
海南省,Hainan,169,2020/5/15
香港,Hong Kong,1052,2020/5/15
台湾,Taiwan,440,2020/5/15
上海市,Shanghai,660,2020/5/15
陕西省,Shaanxi,308,2020/5/15
福建省,Fujian,356,2020/5/15
山东省,Shandong,788,2020/5/15
吉林省,Jilin,138,2020/5/15
内蒙古自治区,Neimenggu,209,2020/5/15
香港,Hong Kong,1051,2020/5/14
台湾,Taiwan,440,2020/5/14
上海市,Shanghai,660,2020/5/14
北京市,Beijing,593,2020/5/14
广东省,Guangdong,1589,2020/5/14
天津市,Tianjin,191,2020/5/14
吉林省,Jilin,134,2020/5/14
辽宁省,Liaoning,149,2020/5/14
黑龙江省,Heilongjiang,945,2020/5/14
台湾,Taiwan,440,2020/5/13
澳门,Macau,45,2020/5/13
香港,Hong Kong,1050,2020/5/13
上海市,Shanghai,660,2020/5/13
内蒙古自治区,Neimenggu,209,2020/5/13
北京市,Beijing,593,2020/5/13
陕西省,Shaanxi,308,2020/5/13
吉林省,Jilin,133,2020/5/13
黑龙江省,Heilongjiang,945,2020/5/13
山西省,Shanxi,198,2020/5/13
台湾,Taiwan,440,2020/5/12
香港,Hong Kong,1047,2020/5/12
上海市,Shanghai,659,2020/5/12
陕西省,Shaanxi,308,2020/5/12
北京市,Beijing,593,2020/5/12
黑龙江省,Heilongjiang,945,2020/5/12
广东省,Guangdong,1589,2020/5/12
内蒙古自治区,Neimenggu,209,2020/5/12
香港,Hong Kong,1047,2020/5/11
澳门,Macau,45,2020/5/11
台湾,Taiwan,440,2020/5/11
江苏省,Jiangsu,653,2020/5/11
北京市,Beijing,593,2020/5/11
陕西省,Shaanxi,308,2020/5/11
黑龙江省,Heilongjiang,945,2020/5/11
广东省,Guangdong,1589,2020/5/11
山东省,Shandong,788,2020/5/11
吉林省,Jilin,127,2020/5/11
内蒙古自治区,Neimenggu,208,2020/5/11
湖北省,Hubei,68134,2020/5/11
澳门,Macau,45,2020/5/10
辽宁省,Liaoning,147,2020/5/10
上海市,Shanghai,659,2020/5/10
香港,Hong Kong,1047,2020/5/10
台湾,Taiwan,440,2020/5/10
黑龙江省,Heilongjiang,944,2020/5/10
陕西省,Shaanxi,308,2020/5/10
湖北省,Hubei,68129,2020/5/10
北京市,Beijing,593,2020/5/10
吉林省,Jilin,124,2020/5/10
河北省,Hebei,328,2020/5/10
内蒙古自治区,Neimenggu,201,2020/5/10
山西省,Shanxi,198,2020/5/10
云南省,Yunnan,185,2020/5/10
香港,Hong Kong,1044,2020/5/9
黑龙江省,Heilongjiang,944,2020/5/9
台湾,Taiwan,440,2020/5/9
内蒙古自治区,Neimenggu,201,2020/5/9
上海市,Shanghai,657,2020/5/9
北京市,Beijing,593,2020/5/9
陕西省,Shaanxi,308,2020/5/9
吉林省,Jilin,113,2020/5/9
广东省,Guangdong,1589,2020/5/9
山西省,Shanxi,198,2020/5/9
台湾,Taiwan,440,2020/5/8
香港,Hong Kong,1044,2020/5/8
天津市,Tianjin,191,2020/5/8
山东省,Shandong,788,2020/5/8
北京市,Beijing,593,2020/5/8
陕西省,Shaanxi,308,2020/5/8
江苏省,Jiangsu,653,2020/5/8
吉林省,Jilin,113,2020/5/8
黑龙江省,Heilongjiang,944,2020/5/8
内蒙古自治区,Neimenggu,201,2020/5/8
山西省,Shanxi,198,2020/5/8
云南省,Yunnan,185,2020/5/8
香港,Hong Kong,1044,2020/5/7
台湾,Taiwan,440,2020/5/7
上海市,Shanghai,657,2020/5/7
内蒙古自治区,Neimenggu,201,2020/5/7
陕西省,Shaanxi,308,2020/5/7
北京市,Beijing,593,2020/5/7
江苏省,Jiangsu,653,2020/5/7
福建省,Fujian,356,2020/5/7
广东省,Guangdong,1589,2020/5/7
黑龙江省,Heilongjiang,944,2020/5/7
澳门,Macau,45,2020/5/7
山西省,Shanxi,198,2020/5/7
广东省,Guangdong,1588,2020/5/6
黑龙江省,Heilongjiang,944,2020/5/6
台湾,Taiwan,439,2020/5/6
陕西省,Shaanxi,308,2020/5/6
北京市,Beijing,593,2020/5/6
内蒙古自治区,Neimenggu,201,2020/5/6
山东省,Shandong,788,2020/5/6
山西省,Shanxi,198,2020/5/6
黑龙江省,Heilongjiang,944,2020/5/5
香港,Hong Kong,1040,2020/5/5
上海市,Shanghai,656,2020/5/5
河北省,Hebei,328,2020/5/5
浙江省,Zhejiang,1268,2020/5/5
内蒙古自治区,Neimenggu,201,2020/5/5
北京市,Beijing,593,2020/5/5
广东省,Guangdong,1588,2020/5/5
山西省,Shanxi,198,2020/5/5
台湾,Taiwan,438,2020/5/4
香港,Hong Kong,1040,2020/5/4
上海市,Shanghai,655,2020/5/4
黑龙江省,Heilongjiang,944,2020/5/4
内蒙古自治区,Neimenggu,201,2020/5/4
陕西省,Shaanxi,306,2020/5/4
北京市,Beijing,593,2020/5/4
山西省,Shanxi,198,2020/5/4
广东省,Guangdong,1588,2020/5/4
山东省,Shandong,788,2020/5/4
黑龙江省,Heilongjiang,944,2020/5/3
香港,Hong Kong,1039,2020/5/3
台湾,Taiwan,432,2020/5/3
陕西省,Shaanxi,306,2020/5/3
北京市,Beijing,593,2020/5/3
上海市,Shanghai,653,2020/5/3
山西省,Shanxi,198,2020/5/3
吉林省,Jilin,112,2020/5/3
澳门,Macau,45,2020/5/3
天津市,Tianjin,190,2020/5/3
香港,Hong Kong,1039,2020/5/2
台湾,Taiwan,432,2020/5/2
陕西省,Shaanxi,306,2020/5/2
吉林省,Jilin,112,2020/5/2
黑龙江省,Heilongjiang,944,2020/5/2
澳门,Macau,45,2020/5/2
山西省,Shanxi,197,2020/5/2
广东省,Guangdong,1588,2020/5/2
内蒙古自治区,Neimenggu,201,2020/5/2
浙江省,Zhejiang,1268,2020/5/2
天津市,Tianjin,190,2020/5/2
辽宁省,Liaoning,146,2020/5/2
台湾,Taiwan,429,2020/5/1
上海市,Shanghai,652,2020/5/1
香港,Hong Kong,1039,2020/5/1
黑龙江省,Heilongjiang,944,2020/5/1
陕西省,Shaanxi,306,2020/5/1
浙江省,Zhejiang,1268,2020/5/1
天津市,Tianjin,190,2020/5/1
江苏省,Jiangsu,653,2020/5/1
福建省,Fujian,356,2020/5/1
北京市,Beijing,593,2020/5/1
广东省,Guangdong,1588,2020/5/1
内蒙古自治区,Neimenggu,201,2020/5/1
山西省,Shanxi,197,2020/5/1
吉林省,Jilin,111,2020/5/1
澳门,Macau,45,2020/4/30
香港,Hong Kong,1037,2020/4/30
台湾,Taiwan,429,2020/4/30
上海市,Shanghai,647,2020/4/30
浙江省,Zhejiang,1268,2020/4/30
江苏省,Jiangsu,653,2020/4/30
山西省,Shanxi,197,2020/4/30
福建省,Fujian,355,2020/4/30
内蒙古自治区,Neimenggu,200,2020/4/30
北京市,Beijing,593,2020/4/30
广东省,Guangdong,1588,2020/4/30
吉林省,Jilin,111,2020/4/30
山东省,Shandong,787,2020/4/30
香港,Hong Kong,1037,2020/4/29
澳门,Macau,45,2020/4/29
台湾,Taiwan,429,2020/4/29
上海市,Shanghai,645,2020/4/29
浙江省,Zhejiang,1268,2020/4/29
福建省,Fujian,355,2020/4/29
江苏省,Jiangsu,653,2020/4/29
广东省,Guangdong,1588,2020/4/29
黑龙江省,Heilongjiang,939,2020/4/29
山东省,Shandong,787,2020/4/29
内蒙古自治区,Neimenggu,199,2020/4/29
天津市,Tianjin,190,2020/4/29
香港,Hong Kong,1037,2020/4/28
北京市,Beijing,593,2020/4/28
台湾,Taiwan,429,2020/4/28
上海市,Shanghai,644,2020/4/28
陕西省,Shaanxi,306,2020/4/28
浙江省,Zhejiang,1268,2020/4/28
广东省,Guangdong,1587,2020/4/28
黑龙江省,Heilongjiang,939,2020/4/28
内蒙古自治区,Neimenggu,199,2020/4/28
山西省,Shanxi,197,2020/4/28
香港,Hong Kong,1037,2020/4/27
澳门,Macau,45,2020/4/27
上海市,Shanghai,642,2020/4/27
台湾,Taiwan,429,2020/4/27
广东省,Guangdong,1587,2020/4/27
湖北省,Hubei,68128,2020/4/27
浙江省,Zhejiang,1268,2020/4/27
北京市,Beijing,593,2020/4/27
山东省,Shandong,787,2020/4/27
黑龙江省,Heilongjiang,936,2020/4/27
内蒙古自治区,Neimenggu,198,2020/4/27
吉林省,Jilin,110,2020/4/27
山西省,Shanxi,197,2020/4/27
澳门,Macau,45,2020/4/26
台湾,Taiwan,429,2020/4/26
上海市,Shanghai,642,2020/4/26
浙江省,Zhejiang,1268,2020/4/26
天津市,Tianjin,190,2020/4/26
山西省,Shanxi,197,2020/4/26
湖北省,Hubei,68128,2020/4/26
广东省,Guangdong,1586,2020/4/26
内蒙古自治区,Neimenggu,198,2020/4/26
黑龙江省,Heilongjiang,935,2020/4/26
云南省,Yunnan,185,2020/4/26
黑龙江省,Heilongjiang,930,2020/4/25
香港,Hong Kong,1037,2020/4/25
台湾,Taiwan,429,2020/4/25
上海市,Shanghai,641,2020/4/25
内蒙古自治区,Neimenggu,197,2020/4/25
天津市,Tianjin,190,2020/4/25
北京市,Beijing,593,2020/4/25
陕西省,Shaanxi,286,2020/4/25
福建省,Fujian,355,2020/4/25
湖北省,Hubei,68128,2020/4/25
广东省,Guangdong,1585,2020/4/25
山东省,Shandong,787,2020/4/25
河北省,Hebei,328,2020/4/25
山西省,Shanxi,197,2020/4/25
吉林省,Jilin,109,2020/4/25
云南省,Yunnan,185,2020/4/25
香港,Hong Kong,1035,2020/4/24
安徽省,Anhui,991,2020/4/24
天津市,Tianjin,190,2020/4/24
台湾,Taiwan,428,2020/4/24
上海市,Shanghai,641,2020/4/24
福建省,Fujian,355,2020/4/24
北京市,Beijing,593,2020/4/24
浙江省,Zhejiang,1268,2020/4/24
湖北省,Hubei,68128,2020/4/24
黑龙江省,Heilongjiang,928,2020/4/24
广东省,Guangdong,1585,2020/4/24
江苏省,Jiangsu,653,2020/4/24
四川省,Sichuan,561,2020/4/24
吉林省,Jilin,108,2020/4/24
云南省,Yunnan,184,2020/4/24
重庆市,Chongqing,579,2020/4/24
天津市,Tianjin,189,2020/4/23
黑龙江省,Heilongjiang,925,2020/4/23
上海市,Shanghai,640,2020/4/23
台湾,Taiwan,427,2020/4/23
香港,Hong Kong,1035,2020/4/23
澳门,Macau,45,2020/4/23
浙江省,Zhejiang,1268,2020/4/23
湖北省,Hubei,68128,2020/4/23
北京市,Beijing,593,2020/4/23
广东省,Guangdong,1584,2020/4/23
山西省,Shanxi,197,2020/4/23
吉林省,Jilin,107,2020/4/23
四川省,Sichuan,561,2020/4/23
澳门,Macau,45,2020/4/22
台湾,Taiwan,426,2020/4/22
香港,Hong Kong,1033,2020/4/22
黑龙江省,Heilongjiang,921,2020/4/22
上海市,Shanghai,639,2020/4/22
陕西省,Shaanxi,279,2020/4/22
福建省,Fujian,355,2020/4/22
吉林省,Jilin,106,2020/4/22
湖北省,Hubei,68128,2020/4/22
广东省,Guangdong,1582,2020/4/22
浙江省,Zhejiang,1268,2020/4/22
北京市,Beijing,593,2020/4/22
江苏省,Jiangsu,653,2020/4/22
四川省,Sichuan,561,2020/4/22
山东省,Shandong,787,2020/4/22
天津市,Tianjin,189,2020/4/21
台湾,Taiwan,425,2020/4/21
香港,Hong Kong,1029,2020/4/21
澳门,Macau,45,2020/4/21
陕西省,Shaanxi,277,2020/4/21
浙江省,Zhejiang,1268,2020/4/21
福建省,Fujian,355,2020/4/21
江苏省,Jiangsu,653,2020/4/21
吉林省,Jilin,106,2020/4/21
内蒙古自治区,Neimenggu,194,2020/4/21
湖北省,Hubei,68128,2020/4/21
北京市,Beijing,593,2020/4/21
广东省,Guangdong,1582,2020/4/21
黑龙江省,Heilongjiang,913,2020/4/21
山西省,Shanxi,197,2020/4/21
台湾,Taiwan,422,2020/4/20
香港,Hong Kong,1025,2020/4/20
澳门,Macau,45,2020/4/20
上海市,Shanghai,638,2020/4/20
浙江省,Zhejiang,1268,2020/4/20
湖北省,Hubei,68128,2020/4/20
广东省,Guangdong,1581,2020/4/20
北京市,Beijing,593,2020/4/20
黑龙江省,Heilongjiang,905,2020/4/20
内蒙古自治区,Neimenggu,194,2020/4/20
河北省,Hebei,328,2020/4/20
辽宁省,Liaoning,146,2020/4/20
澳门,Macau,45,2020/4/19
天津市,Tianjin,189,2020/4/19
上海市,Shanghai,635,2020/4/19
香港,Hong Kong,1025,2020/4/19
台湾,Taiwan,420,2020/4/19
浙江省,Zhejiang,1268,2020/4/19
福建省,Fujian,355,2020/4/19
湖北省,Hubei,68128,2020/4/19
四川省,Sichuan,561,2020/4/19
贵州省,Guizhou,147,2020/4/19
黑龙江省,Heilongjiang,898,2020/4/19
广东省,Guangdong,1580,2020/4/19
北京市,Beijing,593,2020/4/19
吉林省,Jilin,104,2020/4/19
云南省,Yunnan,184,2020/4/19
香港,Hong Kong,1024,2020/4/18
台湾,Taiwan,398,2020/4/18
山东省,Shandong,787,2020/4/18
四川省,Sichuan,561,2020/4/18
内蒙古自治区,Neimenggu,193,2020/4/18
湖北省,Hubei,68128,2020/4/18
湖南省,Hunan,1019,2020/4/18
广东省,Guangdong,1579,2020/4/18
福建省,Fujian,355,2020/4/18
澳门,Macau,45,2020/4/18
黑龙江省,Heilongjiang,892,2020/4/18
辽宁省,Liaoning,146,2020/4/18
天津市,Tianjin,189,2020/4/17
香港,Hong Kong,1021,2020/4/17
台湾,Taiwan,395,2020/4/17
上海市,Shanghai,628,2020/4/17
湖北省,Hubei,68128,2020/4/17
北京市,Beijing,593,2020/4/17
浙江省,Zhejiang,1268,2020/4/17
内蒙古自治区,Neimenggu,193,2020/4/17
河北省,Hebei,328,2020/4/17
江苏省,Jiangsu,653,2020/4/17
陕西省,Shaanxi,256,2020/4/17
福建省,Fujian,354,2020/4/17
广东省,Guangdong,1577,2020/4/17
山东省,Shandong,787,2020/4/17
黑龙江省,Heilongjiang,872,2020/4/17
辽宁省,Liaoning,146,2020/4/17
吉林省,Jilin,102,2020/4/17
山西省,Shanxi,197,2020/4/17
云南省,Yunnan,184,2020/4/17
天津市,Tianjin,186,2020/4/16
甘肃省,Gansu,139,2020/4/16
台湾,Taiwan,395,2020/4/16
香港,Hong Kong,1017,2020/4/16
辽宁省,Liaoning,145,2020/4/16
上海市,Shanghai,628,2020/4/16
黑龙江省,Heilongjiang,861,2020/4/16
福建省,Fujian,353,2020/4/16
河北省,Hebei,328,2020/4/16
湖北省,Hubei,67803,2020/4/16
广东省,Guangdong,1571,2020/4/16
北京市,Beijing,593,2020/4/16
四川省,Sichuan,560,2020/4/16
内蒙古自治区,Neimenggu,193,2020/4/16
山西省,Shanxi,194,2020/4/16
香港,Hong Kong,1017,2020/4/15
台湾,Taiwan,395,2020/4/15
澳门,Macau,45,2020/4/15
天津市,Tianjin,185,2020/4/15
上海市,Shanghai,622,2020/4/15
浙江省,Zhejiang,1268,2020/4/15
福建省,Fujian,353,2020/4/15
湖北省,Hubei,67803,2020/4/15
广东省,Guangdong,1566,2020/4/15
陕西省,Shaanxi,256,2020/4/15
北京市,Beijing,590,2020/4/15
江苏省,Jiangsu,653,2020/4/15
四川省,Sichuan,560,2020/4/15
山东省,Shandong,784,2020/4/15
黑龙江省,Heilongjiang,841,2020/4/15
内蒙古自治区,Neimenggu,190,2020/4/15
山西省,Shanxi,186,2020/4/15
吉林省,Jilin,102,2020/4/15
云南省,Yunnan,184,2020/4/15
天津市,Tianjin,185,2020/4/14
甘肃省,Gansu,139,2020/4/14
台湾,Taiwan,393,2020/4/14
上海市,Shanghai,618,2020/4/14
香港,Hong Kong,1012,2020/4/14
广东省,Guangdong,1564,2020/4/14
福建省,Fujian,353,2020/4/14
江苏省,Jiangsu,653,2020/4/14
河北省,Hebei,327,2020/4/14
浙江省,Zhejiang,1267,2020/4/14
北京市,Beijing,589,2020/4/14
湖北省,Hubei,67803,2020/4/14
黑龙江省,Heilongjiang,819,2020/4/14
山东省,Shandong,784,2020/4/14
河南省,Henan,1276,2020/4/14
辽宁省,Liaoning,145,2020/4/14
云南省,Yunnan,184,2020/4/14
内蒙古自治区,Neimenggu,190,2020/4/14
天津市,Tianjin,184,2020/4/13
香港,Hong Kong,1009,2020/4/13
台湾,Taiwan,393,2020/4/13
黑龙江省,Heilongjiang,740,2020/4/13
湖北省,Hubei,67803,2020/4/13
上海市,Shanghai,618,2020/4/13
内蒙古自治区,Neimenggu,190,2020/4/13
北京市,Beijing,589,2020/4/13
广东省,Guangdong,1555,2020/4/13
浙江省,Zhejiang,1267,2020/4/13
福建省,Fujian,352,2020/4/13
山东省,Shandong,784,2020/4/13
四川省,Sichuan,560,2020/4/13
吉林省,Jilin,100,2020/4/13
山西省,Shanxi,173,2020/4/13
天津市,Tianjin,183,2020/4/12
澳门,Macau,45,2020/4/12
香港,Hong Kong,1004,2020/4/12
内蒙古自治区,Neimenggu,189,2020/4/12
台湾,Taiwan,388,2020/4/12
上海市,Shanghai,607,2020/4/12
湖北省,Hubei,67803,2020/4/12
黑龙江省,Heilongjiang,684,2020/4/12
北京市,Beijing,589,2020/4/12
广东省,Guangdong,1552,2020/4/12
福建省,Fujian,352,2020/4/12
浙江省,Zhejiang,1267,2020/4/12
江苏省,Jiangsu,653,2020/4/12
辽宁省,Liaoning,145,2020/4/12
吉林省,Jilin,99,2020/4/12
河南省,Henan,1276,2020/4/12
天津市,Tianjin,183,2020/4/11
香港,Hong Kong,1000,2020/4/11
上海市,Shanghai,555,2020/4/11
台湾,Taiwan,385,2020/4/11
内蒙古自治区,Neimenggu,155,2020/4/11
浙江省,Zhejiang,1267,2020/4/11
福建省,Fujian,351,2020/4/11
湖北省,Hubei,67803,2020/4/11
广东省,Guangdong,1548,2020/4/11
江苏省,Jiangsu,652,2020/4/11
陕西省,Shaanxi,256,2020/4/11
北京市,Beijing,589,2020/4/11
四川省,Sichuan,560,2020/4/11
山东省,Shandong,784,2020/4/11
黑龙江省,Heilongjiang,661,2020/4/11
辽宁省,Liaoning,145,2020/4/11
吉林省,Jilin,98,2020/4/11
山西省,Shanxi,172,2020/4/11
云南省,Yunnan,184,2020/4/11
天津市,Tianjin,183,2020/4/10
台湾,Taiwan,382,2020/4/10
香港,Hong Kong,989,2020/4/10
上海市,Shanghai,555,2020/4/10
广东省,Guangdong,1544,2020/4/10
湖北省,Hubei,67803,2020/4/10
江苏省,Jiangsu,651,2020/4/10
江西省,Jiangxi,937,2020/4/10
北京市,Beijing,588,2020/4/10
四川省,Sichuan,560,2020/4/10
黑龙江省,Heilongjiang,638,2020/4/10
福建省,Fujian,351,2020/4/10
内蒙古自治区,Neimenggu,128,2020/4/10
吉林省,Jilin,98,2020/4/10
山西省,Shanxi,168,2020/4/10
辽宁省,Liaoning,144,2020/4/9
香港,Hong Kong,973,2020/4/9
台湾,Taiwan,380,2020/4/9
上海市,Shanghai,552,2020/4/9
天津市,Tianjin,182,2020/4/9
内蒙古自治区,Neimenggu,126,2020/4/9
甘肃省,Gansu,139,2020/4/9
浙江省,Zhejiang,1267,2020/4/9
湖北省,Hubei,67803,2020/4/9
北京市,Beijing,588,2020/4/9
广东省,Guangdong,1539,2020/4/9
安徽省,Anhui,991,2020/4/9
河北省,Hebei,327,2020/4/9
黑龙江省,Heilongjiang,609,2020/4/9
山东省,Shandong,783,2020/4/9
山西省,Shanxi,166,2020/4/9
福建省,Fujian,351,2020/4/8
吉林省,Jilin,98,2020/4/8
澳门,Macau,45,2020/4/8
香港,Hong Kong,960,2020/4/8
台湾,Taiwan,379,2020/4/8
上海市,Shanghai,543,2020/4/8
天津市,Tianjin,180,2020/4/8
甘肃省,Gansu,139,2020/4/8
山西省,Shanxi,163,2020/4/8
广东省,Guangdong,1536,2020/4/8
浙江省,Zhejiang,1266,2020/4/8
北京市,Beijing,588,2020/4/8
山东省,Shandong,783,2020/4/8
黑龙江省,Heilongjiang,569,2020/4/8
辽宁省,Liaoning,144,2020/4/8
湖北省,Hubei,67803,2020/4/8
内蒙古自治区,Neimenggu,124,2020/4/8
台湾,Taiwan,376,2020/4/7
香港,Hong Kong,935,2020/4/7
上海市,Shanghai,538,2020/4/7
内蒙古自治区,Neimenggu,121,2020/4/7
浙江省,Zhejiang,1265,2020/4/7
广东省,Guangdong,1533,2020/4/7
湖北省,Hubei,67803,2020/4/7
四川省,Sichuan,560,2020/4/7
北京市,Beijing,587,2020/4/7
福建省,Fujian,351,2020/4/7
山东省,Shandong,781,2020/4/7
辽宁省,Liaoning,144,2020/4/7
河北省,Hebei,327,2020/4/7
黑龙江省,Heilongjiang,544,2020/4/7
天津市,Tianjin,180,2020/4/7
云南省,Yunnan,184,2020/4/7
香港,Hong Kong,914,2020/4/6
台湾,Taiwan,373,2020/4/6
上海市,Shanghai,536,2020/4/6
甘肃省,Gansu,139,2020/4/6
湖北省,Hubei,67803,2020/4/6
广东省,Guangdong,1532,2020/4/6
浙江省,Zhejiang,1264,2020/4/6
北京市,Beijing,587,2020/4/6
福建省,Fujian,350,2020/4/6
四川省,Sichuan,559,2020/4/6
陕西省,Shaanxi,256,2020/4/6
内蒙古自治区,Neimenggu,118,2020/4/6
黑龙江省,Heilongjiang,524,2020/4/6
山东省,Shandong,780,2020/4/6
辽宁省,Liaoning,142,2020/4/6
河南省,Henan,1276,2020/4/6
台湾,Taiwan,363,2020/4/5
香港,Hong Kong,890,2020/4/5
上海市,Shanghai,531,2020/4/5
澳门,Macau,44,2020/4/5
浙江省,Zhejiang,1263,2020/4/5
湖北省,Hubei,67803,2020/4/5
福建省,Fujian,350,2020/4/5
山东省,Shandong,779,2020/4/5
广东省,Guangdong,1524,2020/4/5
江苏省,Jiangsu,651,2020/4/5
北京市,Beijing,586,2020/4/5
四川省,Sichuan,558,2020/4/5
辽宁省,Liaoning,142,2020/4/5
黑龙江省,Heilongjiang,504,2020/4/5
河北省,Hebei,327,2020/4/5
山西省,Shanxi,138,2020/4/5
天津市,Tianjin,180,2020/4/4
台湾,Taiwan,355,2020/4/4
香港,Hong Kong,862,2020/4/4
上海市,Shanghai,529,2020/4/4
甘肃省,Gansu,138,2020/4/4
陕西省,Shaanxi,256,2020/4/4
广东省,Guangdong,1516,2020/4/4
浙江省,Zhejiang,1262,2020/4/4
湖北省,Hubei,67803,2020/4/4
福建省,Fujian,350,2020/4/4
四川省,Sichuan,557,2020/4/4
北京市,Beijing,585,2020/4/4
辽宁省,Liaoning,141,2020/4/4
山东省,Shandong,778,2020/4/4
黑龙江省,Heilongjiang,491,2020/4/4
澳门,Macau,43,2020/4/4
香港,Hong Kong,845,2020/4/3
天津市,Tianjin,180,2020/4/3
北京市,Beijing,584,2020/4/3
台湾,Taiwan,348,2020/4/3
上海市,Shanghai,526,2020/4/3
广东省,Guangdong,1514,2020/4/3
陕西省,Shaanxi,255,2020/4/3
四川省,Sichuan,555,2020/4/3
浙江省,Zhejiang,1260,2020/4/3
江苏省,Jiangsu,651,2020/4/3
湖北省,Hubei,67802,2020/4/3
福建省,Fujian,349,2020/4/3
河北省,Hebei,326,2020/4/3
山东省,Shandong,778,2020/4/3
黑龙江省,Heilongjiang,489,2020/4/3
云南省,Yunnan,184,2020/4/3
辽宁省,Liaoning,141,2020/4/2
台湾,Taiwan,339,2020/4/2
香港,Hong Kong,802,2020/4/2
湖北省,Hubei,67802,2020/4/2
北京市,Beijing,582,2020/4/2
福建省,Fujian,345,2020/4/2
湖南省,Hunan,1019,2020/4/2
广东省,Guangdong,1507,2020/4/2
浙江省,Zhejiang,1258,2020/4/2
江苏省,Jiangsu,647,2020/4/2
四川省,Sichuan,554,2020/4/2
上海市,Shanghai,522,2020/4/2
山东省,Shandong,775,2020/4/2
广西壮族自治区,Guangxi,254,2020/4/2
河北省,Hebei,325,2020/4/2
黑龙江省,Heilongjiang,488,2020/4/2
内蒙古自治区,Neimenggu,117,2020/4/2
云南省,Yunnan,183,2020/4/2
甘肃省,Gansu,138,2020/4/1
福建省,Fujian,345,2020/4/1
四川省,Sichuan,552,2020/4/1
香港,Hong Kong,765,2020/4/1
台湾,Taiwan,329,2020/4/1
天津市,Tianjin,176,2020/4/1
湖北省,Hubei,67802,2020/4/1
内蒙古自治区,Neimenggu,111,2020/4/1
广东省,Guangdong,1501,2020/4/1
陕西省,Shaanxi,255,2020/4/1
北京市,Beijing,580,2020/4/1
辽宁省,Liaoning,140,2020/4/1
河北省,Hebei,323,2020/4/1
上海市,Shanghai,516,2020/4/1
山西省,Shanxi,137,2020/4/1
云南省,Yunnan,182,2020/4/1
天津市,Tianjin,174,2020/3/31
澳门,Macau,41,2020/3/31
广东省,Guangdong,1494,2020/3/31
香港,Hong Kong,714,2020/3/31
上海市,Shanghai,509,2020/3/31
台湾,Taiwan,322,2020/3/31
北京市,Beijing,580,2020/3/31
福建省,Fujian,343,2020/3/31
浙江省,Zhejiang,1257,2020/3/31
江苏省,Jiangsu,646,2020/3/31
湖北省,Hubei,67801,2020/3/31
山东省,Shandong,774,2020/3/31
辽宁省,Liaoning,139,2020/3/31
内蒙古自治区,Neimenggu,107,2020/3/31
云南省,Yunnan,181,2020/3/31
湖北省,Hubei,67801,2020/3/30
香港,Hong Kong,682,2020/3/30
天津市,Tianjin,174,2020/3/30
台湾,Taiwan,306,2020/3/30
北京市,Beijing,577,2020/3/30
上海市,Shanghai,498,2020/3/30
江西省,Jiangxi,937,2020/3/30
广东省,Guangdong,1484,2020/3/30
澳门,Macau,38,2020/3/30
河北省,Hebei,321,2020/3/30
江苏省,Jiangsu,645,2020/3/30
浙江省,Zhejiang,1255,2020/3/30
四川省,Sichuan,550,2020/3/30
福建省,Fujian,340,2020/3/30
山东省,Shandong,773,2020/3/30
内蒙古自治区,Neimenggu,97,2020/3/30
辽宁省,Liaoning,136,2020/3/30
甘肃省,Gansu,138,2020/3/29
湖北省,Hubei,67801,2020/3/29
北京市,Beijing,577,2020/3/29
香港,Hong Kong,641,2020/3/29
台湾,Taiwan,298,2020/3/29
天津市,Tianjin,166,2020/3/29
辽宁省,Liaoning,134,2020/3/29
浙江省,Zhejiang,1254,2020/3/29
上海市,Shanghai,492,2020/3/29
广东省,Guangdong,1475,2020/3/29
江苏省,Jiangsu,644,2020/3/29
江西省,Jiangxi,937,2020/3/29
四川省,Sichuan,550,2020/3/29
河南省,Henan,1276,2020/3/29
福建省,Fujian,338,2020/3/29
内蒙古自治区,Neimenggu,95,2020/3/29
吉林省,Jilin,98,2020/3/29
山西省,Shanxi,136,2020/3/29
重庆市,Chongqing,579,2020/3/29
澳门,Macau,37,2020/3/28
辽宁省,Liaoning,132,2020/3/28
香港,Hong Kong,561,2020/3/28
天津市,Tianjin,161,2020/3/28
台湾,Taiwan,283,2020/3/28
北京市,Beijing,573,2020/3/28
甘肃省,Gansu,136,2020/3/28
内蒙古自治区,Neimenggu,94,2020/3/28
广东省,Guangdong,1467,2020/3/28
上海市,Shanghai,485,2020/3/28
浙江省,Zhejiang,1251,2020/3/28
福建省,Fujian,337,2020/3/28
河南省,Henan,1275,2020/3/28
湖北省,Hubei,67801,2020/3/28
吉林省,Jilin,97,2020/3/28
天津市,Tianjin,155,2020/3/27
香港,Hong Kong,519,2020/3/27
湖北省,Hubei,67801,2020/3/27
山东省,Shandong,772,2020/3/27
台湾,Taiwan,267,2020/3/27
北京市,Beijing,569,2020/3/27
上海市,Shanghai,468,2020/3/27
广东省,Guangdong,1456,2020/3/27
辽宁省,Liaoning,128,2020/3/27
浙江省,Zhejiang,1247,2020/3/27
四川省,Sichuan,548,2020/3/27
甘肃省,Gansu,136,2020/3/27
江苏省,Jiangsu,641,2020/3/27
内蒙古自治区,Neimenggu,92,2020/3/27
福建省,Fujian,331,2020/3/27
云南省,Yunnan,180,2020/3/27
澳门,Macau,33,2020/3/27
香港,Hong Kong,453,2020/3/26
广东省,Guangdong,1448,2020/3/26
山东省,Shandong,771,2020/3/26
台湾,Taiwan,252,2020/3/26
上海市,Shanghai,451,2020/3/26
北京市,Beijing,566,2020/3/26
辽宁省,Liaoning,128,2020/3/26
天津市,Tianjin,151,2020/3/26
澳门,Macau,31,2020/3/26
内蒙古自治区,Neimenggu,89,2020/3/26
浙江省,Zhejiang,1243,2020/3/26
陕西省,Shaanxi,253,2020/3/26
河南省,Henan,1275,2020/3/26
江苏省,Jiangsu,640,2020/3/26
湖北省,Hubei,67801,2020/3/26
福建省,Fujian,328,2020/3/26
黑龙江省,Heilongjiang,484,2020/3/26
甘肃省,Gansu,136,2020/3/26
吉林省,Jilin,95,2020/3/26
云南省,Yunnan,178,2020/3/26
山西省,Shanxi,135,2020/3/26
湖北省,Hubei,67801,2020/3/25
广东省,Guangdong,1433,2020/3/25
香港,Hong Kong,410,2020/3/25
台湾,Taiwan,235,2020/3/25
北京市,Beijing,561,2020/3/25
澳门,Macau,30,2020/3/25
上海市,Shanghai,433,2020/3/25
福建省,Fujian,322,2020/3/25
浙江省,Zhejiang,1241,2020/3/25
山东省,Shandong,769,2020/3/25
四川省,Sichuan,547,2020/3/25
江苏省,Jiangsu,638,2020/3/25
陕西省,Shaanxi,250,2020/3/25
内蒙古自治区,Neimenggu,77,2020/3/25
吉林省,Jilin,94,2020/3/25
天津市,Tianjin,145,2020/3/24
甘肃省,Gansu,136,2020/3/24
湖北省,Hubei,67801,2020/3/24
香港,Hong Kong,386,2020/3/24
上海市,Shanghai,414,2020/3/24
台湾,Taiwan,215,2020/3/24
北京市,Beijing,558,2020/3/24
海南省,Hainan,168,2020/3/24
浙江省,Zhejiang,1240,2020/3/24
澳门,Macau,25,2020/3/24
江苏省,Jiangsu,636,2020/3/24
陕西省,Shaanxi,249,2020/3/24
广东省,Guangdong,1428,2020/3/24
福建省,Fujian,318,2020/3/24
四川省,Sichuan,545,2020/3/24
黑龙江省,Heilongjiang,484,2020/3/24
重庆市,Chongqing,578,2020/3/24
山西省,Shanxi,134,2020/3/24
上海市,Shanghai,404,2020/3/23
山东省,Shandong,768,2020/3/23
广东省,Guangdong,1415,2020/3/23
香港,Hong Kong,356,2020/3/23
北京市,Beijing,537,2020/3/23
台湾,Taiwan,195,2020/3/23
湖北省,Hubei,67800,2020/3/23
天津市,Tianjin,141,2020/3/23
澳门,Macau,24,2020/3/23
江苏省,Jiangsu,633,2020/3/23
河北省,Hebei,319,2020/3/23
江西省,Jiangxi,936,2020/3/23
河南省,Henan,1274,2020/3/23
浙江省,Zhejiang,1238,2020/3/23
辽宁省,Liaoning,127,2020/3/23
福建省,Fujian,313,2020/3/23
黑龙江省,Heilongjiang,484,2020/3/23
甘肃省,Gansu,136,2020/3/22
澳门,Macau,20,2020/3/22
重庆市,Chongqing,577,2020/3/22
湖北省,Hubei,67800,2020/3/22
香港,Hong Kong,317,2020/3/22
台湾,Taiwan,169,2020/3/22
山东省,Shandong,766,2020/3/22
北京市,Beijing,514,2020/3/22
广东省,Guangdong,1407,2020/3/22
上海市,Shanghai,394,2020/3/22
浙江省,Zhejiang,1237,2020/3/22
福建省,Fujian,307,2020/3/22
黑龙江省,Heilongjiang,484,2020/3/22
四川省,Sichuan,543,2020/3/22
河北省,Hebei,319,2020/3/22
江苏省,Jiangsu,633,2020/3/22
江西省,Jiangxi,936,2020/3/22
辽宁省,Liaoning,126,2020/3/22
台湾,Taiwan,153,2020/3/21
北京市,Beijing,504,2020/3/21
广东省,Guangdong,1400,2020/3/21
上海市,Shanghai,380,2020/3/21
湖北省,Hubei,67800,2020/3/21
香港,Hong Kong,273,2020/3/21
浙江省,Zhejiang,1236,2020/3/21
甘肃省,Gansu,134,2020/3/21
山东省,Shandong,764,2020/3/21
福建省,Fujian,303,2020/3/21
陕西省,Shaanxi,248,2020/3/21
四川省,Sichuan,542,2020/3/21
台湾,Taiwan,135,2020/3/20
香港,Hong Kong,256,2020/3/20
广东省,Guangdong,1395,2020/3/20
湖北省,Hubei,67800,2020/3/20
北京市,Beijing,491,2020/3/20
上海市,Shanghai,371,2020/3/20
甘肃省,Gansu,134,2020/3/20
浙江省,Zhejiang,1234,2020/3/20
黑龙江省,Heilongjiang,484,2020/3/20
山东省,Shandong,762,2020/3/20
陕西省,Shaanxi,247,2020/3/20
福建省,Fujian,299,2020/3/20
四川省,Sichuan,541,2020/3/20
广西壮族自治区,Guangxi,254,2020/3/20
辽宁省,Liaoning,126,2020/3/20
天津市,Tianjin,137,2020/3/20
甘肃省,Gansu,134,2020/3/19
四川省,Sichuan,540,2020/3/19
湖北省,Hubei,67800,2020/3/19
香港,Hong Kong,208,2020/3/19
浙江省,Zhejiang,1234,2020/3/19
台湾,Taiwan,108,2020/3/19
北京市,Beijing,480,2020/3/19
黑龙江省,Heilongjiang,483,2020/3/19
广东省,Guangdong,1378,2020/3/19
山东省,Shandong,761,2020/3/19
内蒙古自治区,Neimenggu,75,2020/3/19
上海市,Shanghai,363,2020/3/19
澳门,Macau,17,2020/3/19
湖北省,Hubei,67800,2020/3/18
澳门,Macau,15,2020/3/18
香港,Hong Kong,181,2020/3/18
广东省,Guangdong,1370,2020/3/18
台湾,Taiwan,100,2020/3/18
上海市,Shanghai,361,2020/3/18
黑龙江省,Heilongjiang,482,2020/3/18
北京市,Beijing,469,2020/3/18
陕西省,Shaanxi,246,2020/3/18
四川省,Sichuan,540,2020/3/18
辽宁省,Liaoning,125,2020/3/18
贵州省,Guizhou,146,2020/3/18
广西壮族自治区,Guangxi,253,2020/3/18
辽宁省,Liaoning,125,2020/3/17
湖北省,Hubei,67799,2020/3/17
北京市,Beijing,456,2020/3/17
陕西省,Shaanxi,246,2020/3/17
香港,Hong Kong,162,2020/3/17
台湾,Taiwan,77,2020/3/17
四川省,Sichuan,540,2020/3/17
贵州省,Guizhou,147,2020/3/17
澳门,Macau,12,2020/3/17
上海市,Shanghai,358,2020/3/17
浙江省,Zhejiang,1232,2020/3/17
广东省,Guangdong,1364,2020/3/17
黑龙江省,Heilongjiang,482,2020/3/17
山东省,Shandong,761,2020/3/17
广西壮族自治区,Guangxi,253,2020/3/17
云南省,Yunnan,176,2020/3/17
湖北省,Hubei,67798,2020/3/16
辽宁省,Liaoning,125,2020/3/16
香港,Hong Kong,155,2020/3/16
台湾,Taiwan,67,2020/3/16
浙江省,Zhejiang,1231,2020/3/16
黑龙江省,Heilongjiang,482,2020/3/16
广西壮族自治区,Guangxi,252,2020/3/16
海南省,Hainan,168,2020/3/16
内蒙古自治区,Neimenggu,75,2020/3/16
上海市,Shanghai,355,2020/3/16
宁夏回族自治区,Ningxia,75,2020/3/16
北京市,Beijing,452,2020/3/16
陕西省,Shaanxi,245,2020/3/16
山东省,Shandong,760,2020/3/16
贵州省,Guizhou,146,2020/3/16
广东省,Guangdong,1361,2020/3/16
澳门,Macau,11,2020/3/16
云南省,Yunnan,175,2020/3/16
甘肃省,Gansu,133,2020/3/15
广东省,Guangdong,1360,2020/3/15
湖北省,Hubei,67794,2020/3/15
四川省,Sichuan,539,2020/3/15
香港,Hong Kong,145,2020/3/15
天津市,Tianjin,136,2020/3/15
台湾,Taiwan,59,2020/3/15
辽宁省,Liaoning,125,2020/3/15
重庆市,Chongqing,576,2020/3/15
江苏省,Jiangsu,631,2020/3/15
浙江省,Zhejiang,1231,2020/3/15
北京市,Beijing,442,2020/3/15
黑龙江省,Heilongjiang,482,2020/3/15
上海市,Shanghai,353,2020/3/15
云南省,Yunnan,174,2020/3/15
香港,Hong Kong,140,2020/3/14
湖北省,Hubei,67790,2020/3/14
宁夏回族自治区,Ningxia,75,2020/3/14
河南省,Henan,1273,2020/3/14
湖南省,Hunan,1018,2020/3/14
台湾,Taiwan,53,2020/3/14
上海市,Shanghai,352,2020/3/14
四川省,Sichuan,539,2020/3/14
山东省,Shandong,760,2020/3/14
甘肃省,Gansu,129,2020/3/14
北京市,Beijing,437,2020/3/14
浙江省,Zhejiang,1227,2020/3/14
广东省,Guangdong,1356,2020/3/14
贵州省,Guizhou,146,2020/3/14
辽宁省,Liaoning,125,2020/3/14
黑龙江省,Heilongjiang,482,2020/3/14
重庆市,Chongqing,576,2020/3/14
香港,Hong Kong,134,2020/3/13
广东省,Guangdong,1356,2020/3/13
四川省,Sichuan,539,2020/3/13
上海市,Shanghai,346,2020/3/13
台湾,Taiwan,50,2020/3/13
山西省,Shanxi,133,2020/3/13
湖南省,Hunan,1018,2020/3/13
山东省,Shandong,760,2020/3/13
湖北省,Hubei,67786,2020/3/13
北京市,Beijing,436,2020/3/13
贵州省,Guizhou,146,2020/3/13
江苏省,Jiangsu,631,2020/3/13
黑龙江省,Heilongjiang,482,2020/3/13
广西壮族自治区,Guangxi,252,2020/3/13
河北省,Hebei,318,2020/3/13
重庆市,Chongqing,576,2020/3/13
黑龙江省,Heilongjiang,482,2020/3/12
吉林省,Jilin,93,2020/3/12
四川省,Sichuan,539,2020/3/12
湖北省,Hubei,67781,2020/3/12
湖南省,Hunan,1018,2020/3/12
辽宁省,Liaoning,125,2020/3/12
山西省,Shanxi,133,2020/3/12
天津市,Tianjin,136,2020/3/12
台湾,Taiwan,49,2020/3/12
山东省,Shandong,760,2020/3/12
上海市,Shanghai,344,2020/3/12
河北省,Hebei,318,2020/3/12
河南省,Henan,1273,2020/3/12
江苏省,Jiangsu,631,2020/3/12
广东省,Guangdong,1356,2020/3/12
海南省,Hainan,168,2020/3/12
江西省,Jiangxi,935,2020/3/12
香港,Hong Kong,129,2020/3/12
陕西省,Shaanxi,245,2020/3/12
浙江省,Zhejiang,1215,2020/3/12
北京市,Beijing,435,2020/3/12
贵州省,Guizhou,146,2020/3/12
广西壮族自治区,Guangxi,252,2020/3/12
重庆市,Chongqing,576,2020/3/12
四川省,Sichuan,539,2020/3/11
甘肃省,Gansu,127,2020/3/11
黑龙江省,Heilongjiang,482,2020/3/11
山东省,Shandong,760,2020/3/11
广西壮族自治区,Guangxi,252,2020/3/11
湖北省,Hubei,67773,2020/3/11
广东省,Guangdong,1356,2020/3/11
香港,Hong Kong,126,2020/3/11
浙江省,Zhejiang,1215,2020/3/11
陕西省,Shaanxi,245,2020/3/11
宁夏回族自治区,Ningxia,75,2020/3/11
河南省,Henan,1273,2020/3/11
重庆市,Chongqing,576,2020/3/11
内蒙古自治区,Neimenggu,75,2020/3/11
台湾,Taiwan,48,2020/3/11
上海市,Shanghai,344,2020/3/11
贵州省,Guizhou,146,2020/3/11
江西省,Jiangxi,935,2020/3/11
北京市,Beijing,435,2020/3/11
湖南省,Hunan,1018,2020/3/11
山西省,Shanxi,133,2020/3/11
湖北省,Hubei,67760,2020/3/10
甘肃省,Gansu,125,2020/3/10
香港,Hong Kong,118,2020/3/10
浙江省,Zhejiang,1215,2020/3/10
四川省,Sichuan,539,2020/3/10
天津市,Tianjin,136,2020/3/10
广东省,Guangdong,1353,2020/3/10
湖南省,Hunan,1018,2020/3/10
陕西省,Shaanxi,245,2020/3/10
江苏省,Jiangsu,631,2020/3/10
山东省,Shandong,758,2020/3/10
台湾,Taiwan,47,2020/3/10
上海市,Shanghai,344,2020/3/10
山西省,Shanxi,133,2020/3/10
辽宁省,Liaoning,125,2020/3/10
江西省,Jiangxi,935,2020/3/10
贵州省,Guizhou,146,2020/3/10
北京市,Beijing,429,2020/3/10
广西壮族自治区,Guangxi,252,2020/3/10
黑龙江省,Heilongjiang,481,2020/3/10
重庆市,Chongqing,576,2020/3/10
吉林省,Jilin,93,2020/3/9
湖北省,Hubei,67743,2020/3/9
黑龙江省,Heilongjiang,481,2020/3/9
重庆市,Chongqing,576,2020/3/9
甘肃省,Gansu,124,2020/3/9
山西省,Shanxi,133,2020/3/9
山东省,Shandong,758,2020/3/9
天津市,Tianjin,136,2020/3/9
香港,Hong Kong,115,2020/3/9
广东省,Guangdong,1352,2020/3/9
浙江省,Zhejiang,1215,2020/3/9
四川省,Sichuan,539,2020/3/9
江苏省,Jiangsu,631,2020/3/9
北京市,Beijing,428,2020/3/9
湖南省,Hunan,1018,2020/3/9
台湾,Taiwan,45,2020/3/9
上海市,Shanghai,342,2020/3/9
贵州省,Guizhou,146,2020/3/9
广西壮族自治区,Guangxi,252,2020/3/9
江西省,Jiangxi,935,2020/3/9
陕西省,Shaanxi,245,2020/3/8
湖北省,Hubei,67707,2020/3/8
广东省,Guangdong,1352,2020/3/8
黑龙江省,Heilongjiang,481,2020/3/8
香港,Hong Kong,114,2020/3/8
甘肃省,Gansu,124,2020/3/8
四川省,Sichuan,539,2020/3/8
湖南省,Hunan,1018,2020/3/8
山东省,Shandong,758,2020/3/8
江苏省,Jiangsu,631,2020/3/8
浙江省,Zhejiang,1215,2020/3/8
江西省,Jiangxi,935,2020/3/8
新疆维吾尔自治区,Xinjiang,76,2020/3/8
辽宁省,Liaoning,125,2020/3/8
内蒙古自治区,Neimenggu,75,2020/3/8
河南省,Henan,1272,2020/3/8
安徽省,Anhui,990,2020/3/8
上海市,Shanghai,342,2020/3/8
海南省,Hainan,168,2020/3/8
台湾,Taiwan,45,2020/3/8
北京市,Beijing,428,2020/3/8
贵州省,Guizhou,146,2020/3/8
广西壮族自治区,Guangxi,252,2020/3/8
重庆市,Chongqing,576,2020/3/8
广西壮族自治区,Guangxi,252,2020/3/7
甘肃省,Gansu,120,2020/3/7
江苏省,Jiangsu,631,2020/3/7
辽宁省,Liaoning,125,2020/3/7
山东省,Shandong,758,2020/3/7
四川省,Sichuan,539,2020/3/7
重庆市,Chongqing,576,2020/3/7
河北省,Hebei,318,2020/3/7
福建省,Fujian,296,2020/3/7
河南省,Henan,1272,2020/3/7
湖北省,Hubei,67666,2020/3/7
广东省,Guangdong,1352,2020/3/7
香港,Hong Kong,108,2020/3/7
黑龙江省,Heilongjiang,481,2020/3/7
浙江省,Zhejiang,1215,2020/3/7
湖南省,Hunan,1018,2020/3/7
新疆维吾尔自治区,Xinjiang,76,2020/3/7
上海市,Shanghai,342,2020/3/7
内蒙古自治区,Neimenggu,75,2020/3/7
江西省,Jiangxi,935,2020/3/7
北京市,Beijing,426,2020/3/7
贵州省,Guizhou,146,2020/3/7
湖北省,Hubei,67592,2020/3/6
黑龙江省,Heilongjiang,481,2020/3/6
甘肃省,Gansu,119,2020/3/6
江西省,Jiangxi,935,2020/3/6
广东省,Guangdong,1352,2020/3/6
北京市,Beijing,422,2020/3/6
四川省,Sichuan,539,2020/3/6
台湾,Taiwan,45,2020/3/6
福建省,Fujian,296,2020/3/6
宁夏回族自治区,Ningxia,75,2020/3/6
香港,Hong Kong,106,2020/3/6
山东省,Shandong,758,2020/3/6
湖南省,Hunan,1018,2020/3/6
重庆市,Chongqing,576,2020/3/6
浙江省,Zhejiang,1215,2020/3/6
江苏省,Jiangsu,631,2020/3/6
陕西省,Shaanxi,245,2020/3/6
河南省,Henan,1272,2020/3/6
吉林省,Jilin,93,2020/3/6
澳门,Macau,10,2020/3/6
上海市,Shanghai,342,2020/3/6
新疆维吾尔自治区,Xinjiang,76,2020/3/6
河北省,Hebei,318,2020/3/6
安徽省,Anhui,990,2020/3/6
云南省,Yunnan,174,2020/3/6
广西壮族自治区,Guangxi,252,2020/3/6
内蒙古自治区,Neimenggu,75,2020/3/6
甘肃省,Gansu,102,2020/3/5
湖北省,Hubei,67466,2020/3/5
山东省,Shandong,758,2020/3/5
广东省,Guangdong,1351,2020/3/5
四川省,Sichuan,539,2020/3/5
江苏省,Jiangsu,631,2020/3/5
台湾,Taiwan,44,2020/3/5
河北省,Hebei,318,2020/3/5
山西省,Shanxi,133,2020/3/5
河南省,Henan,1272,2020/3/5
吉林省,Jilin,93,2020/3/5
浙江省,Zhejiang,1215,2020/3/5
广西壮族自治区,Guangxi,252,2020/3/5
福建省,Fujian,296,2020/3/5
湖南省,Hunan,1018,2020/3/5
内蒙古自治区,Neimenggu,75,2020/3/5
上海市,Shanghai,339,2020/3/5
陕西省,Shaanxi,245,2020/3/5
海南省,Hainan,168,2020/3/5
新疆维吾尔自治区,Xinjiang,76,2020/3/5
安徽省,Anhui,990,2020/3/5
天津市,Tianjin,136,2020/3/5
江西省,Jiangxi,935,2020/3/5
黑龙江省,Heilongjiang,481,2020/3/5
香港,Hong Kong,105,2020/3/5
重庆市,Chongqing,576,2020/3/5
北京市,Beijing,418,2020/3/5
湖南省,Hunan,1018,2020/3/4
陕西省,Shaanxi,245,2020/3/4
内蒙古自治区,Neimenggu,75,2020/3/4
新疆维吾尔自治区,Xinjiang,76,2020/3/4
甘肃省,Gansu,91,2020/3/4
湖北省,Hubei,67332,2020/3/4
山东省,Shandong,758,2020/3/4
四川省,Sichuan,538,2020/3/4
黑龙江省,Heilongjiang,480,2020/3/4
江苏省,Jiangsu,631,2020/3/4
福建省,Fujian,296,2020/3/4
广东省,Guangdong,1350,2020/3/4
浙江省,Zhejiang,1213,2020/3/4
安徽省,Anhui,990,2020/3/4
河北省,Hebei,318,2020/3/4
吉林省,Jilin,93,2020/3/4
海南省,Hainan,168,2020/3/4
香港,Hong Kong,102,2020/3/4
上海市,Shanghai,338,2020/3/4
北京市,Beijing,417,2020/3/4
江西省,Jiangxi,935,2020/3/4
宁夏回族自治区,Ningxia,75,2020/3/4
河南省,Henan,1272,2020/3/4
广西壮族自治区,Guangxi,252,2020/3/4
重庆市,Chongqing,576,2020/3/4
山西省,Shanxi,133,2020/3/4
广东省,Guangdong,1350,2020/3/3
河南省,Henan,1272,2020/3/3
天津市,Tianjin,136,2020/3/3
安徽省,Anhui,990,2020/3/3
辽宁省,Liaoning,125,2020/3/3
福建省,Fujian,296,2020/3/3
甘肃省,Gansu,91,2020/3/3
湖南省,Hunan,1018,2020/3/3
黑龙江省,Heilongjiang,480,2020/3/3
浙江省,Zhejiang,1213,2020/3/3
澳门,Macau,10,2020/3/3
香港,Hong Kong,100,2020/3/3
湖北省,Hubei,67217,2020/3/3
海南省,Hainan,168,2020/3/3
江苏省,Jiangsu,631,2020/3/3
四川省,Sichuan,538,2020/3/3
山西省,Shanxi,133,2020/3/3
河北省,Hebei,318,2020/3/3
内蒙古自治区,Neimenggu,75,2020/3/3
山东省,Shandong,758,2020/3/3
新疆维吾尔自治区,Xinjiang,76,2020/3/3
台湾,Taiwan,42,2020/3/3
上海市,Shanghai,338,2020/3/3
云南省,Yunnan,174,2020/3/3
北京市,Beijing,414,2020/3/3
江西省,Jiangxi,935,2020/3/3
广西壮族自治区,Guangxi,252,2020/3/3
重庆市,Chongqing,576,2020/3/3
新疆维吾尔自治区,Xinjiang,76,2020/3/2
湖北省,Hubei,67103,2020/3/2
广东省,Guangdong,1350,2020/3/2
四川省,Sichuan,538,2020/3/2
安徽省,Anhui,990,2020/3/2
吉林省,Jilin,93,2020/3/2
甘肃省,Gansu,91,2020/3/2
黑龙江省,Heilongjiang,480,2020/3/2
江苏省,Jiangsu,631,2020/3/2
广西壮族自治区,Guangxi,252,2020/3/2
福建省,Fujian,296,2020/3/2
山西省,Shanxi,133,2020/3/2
浙江省,Zhejiang,1206,2020/3/2
湖南省,Hunan,1018,2020/3/2
河南省,Henan,1272,2020/3/2
内蒙古自治区,Neimenggu,75,2020/3/2
河北省,Hebei,318,2020/3/2
上海市,Shanghai,337,2020/3/2
陕西省,Shaanxi,245,2020/3/2
北京市,Beijing,414,2020/3/2
山东省,Shandong,758,2020/3/2
台湾,Taiwan,41,2020/3/2
云南省,Yunnan,174,2020/3/2
辽宁省,Liaoning,122,2020/3/2
宁夏回族自治区,Ningxia,74,2020/3/2
江西省,Jiangxi,935,2020/3/2
香港,Hong Kong,98,2020/3/2
贵州省,Guizhou,146,2020/3/2
重庆市,Chongqing,576,2020/3/2
香港,Hong Kong,96,2020/3/1
甘肃省,Gansu,91,2020/3/1
广东省,Guangdong,1349,2020/3/1
河南省,Henan,1272,2020/3/1
河北省,Hebei,318,2020/3/1
天津市,Tianjin,136,2020/3/1
辽宁省,Liaoning,122,2020/3/1
四川省,Sichuan,538,2020/3/1
山东省,Shandong,758,2020/3/1
黑龙江省,Heilongjiang,480,2020/3/1
浙江省,Zhejiang,1205,2020/3/1
海南省,Hainan,168,2020/3/1
湖北省,Hubei,66907,2020/3/1
湖南省,Hunan,1018,2020/3/1
安徽省,Anhui,990,2020/3/1
江苏省,Jiangsu,631,2020/3/1
内蒙古自治区,Neimenggu,75,2020/3/1
新疆维吾尔自治区,Xinjiang,76,2020/3/1
广西壮族自治区,Guangxi,252,2020/3/1
福建省,Fujian,296,2020/3/1
陕西省,Shaanxi,245,2020/3/1
吉林省,Jilin,93,2020/3/1
重庆市,Chongqing,576,2020/3/1
台湾,Taiwan,40,2020/3/1
上海市,Shanghai,337,2020/3/1
云南省,Yunnan,174,2020/3/1
山西省,Shanxi,133,2020/3/1
北京市,Beijing,413,2020/3/1
江西省,Jiangxi,935,2020/3/1
广东省,Guangdong,1349,2020/2/29
山东省,Shandong,756,2020/2/29
湖南省,Hunan,1018,2020/2/29
福建省,Fujian,296,2020/2/29
河北省,Hebei,318,2020/2/29
辽宁省,Liaoning,121,2020/2/29
河南省,Henan,1272,2020/2/29
湖北省,Hubei,66337,2020/2/29
四川省,Sichuan,538,2020/2/29
黑龙江省,Heilongjiang,480,2020/2/29
广西壮族自治区,Guangxi,252,2020/2/29
天津市,Tianjin,136,2020/2/29
新疆维吾尔自治区,Xinjiang,76,2020/2/29
海南省,Hainan,168,2020/2/29
浙江省,Zhejiang,1205,2020/2/29
吉林省,Jilin,93,2020/2/29
陕西省,Shaanxi,245,2020/2/29
内蒙古自治区,Neimenggu,75,2020/2/29
江苏省,Jiangsu,631,2020/2/29
台湾,Taiwan,39,2020/2/29
上海市,Shanghai,337,2020/2/29
宁夏回族自治区,Ningxia,73,2020/2/29
重庆市,Chongqing,576,2020/2/29
北京市,Beijing,411,2020/2/29
江西省,Jiangxi,935,2020/2/29
安徽省,Anhui,990,2020/2/29
山西省,Shanxi,133,2020/2/29
云南省,Yunnan,174,2020/2/29
香港,Hong Kong,94,2020/2/28
浙江省,Zhejiang,1205,2020/2/28
山东省,Shandong,756,2020/2/28
四川省,Sichuan,538,2020/2/28
河南省,Henan,1272,2020/2/28
湖南省,Hunan,1017,2020/2/28
广西壮族自治区,Guangxi,252,2020/2/28
福建省,Fujian,296,2020/2/28
陕西省,Shaanxi,245,2020/2/28
河北省,Hebei,318,2020/2/28
海南省,Hainan,168,2020/2/28
广东省,Guangdong,1348,2020/2/28
江苏省,Jiangsu,631,2020/2/28
吉林省,Jilin,93,2020/2/28
新疆维吾尔自治区,Xinjiang,76,2020/2/28
内蒙古自治区,Neimenggu,75,2020/2/28
台湾,Taiwan,34,2020/2/28
山西省,Shanxi,133,2020/2/28
云南省,Yunnan,174,2020/2/28
上海市,Shanghai,337,2020/2/28
重庆市,Chongqing,576,2020/2/28
黑龙江省,Heilongjiang,480,2020/2/28
安徽省,Anhui,990,2020/2/28
甘肃省,Gansu,91,2020/2/28
北京市,Beijing,410,2020/2/28
江西省,Jiangxi,935,2020/2/28
湖北省,Hubei,65914,2020/2/28
天津市,Tianjin,136,2020/2/28
河南省,Henan,1272,2020/2/27
内蒙古自治区,Neimenggu,75,2020/2/27
山东省,Shandong,756,2020/2/27
安徽省,Anhui,989,2020/2/27
江苏省,Jiangsu,631,2020/2/27
天津市,Tianjin,135,2020/2/27
辽宁省,Liaoning,121,2020/2/27
山西省,Shanxi,133,2020/2/27
吉林省,Jilin,93,2020/2/27
新疆维吾尔自治区,Xinjiang,76,2020/2/27
澳门,Macau,10,2020/2/27
浙江省,Zhejiang,1205,2020/2/27
四川省,Sichuan,534,2020/2/27
湖南省,Hunan,1017,2020/2/27
黑龙江省,Heilongjiang,480,2020/2/27
陕西省,Shaanxi,245,2020/2/27
河北省,Hebei,317,2020/2/27
湖北省,Hubei,65596,2020/2/27
广西壮族自治区,Guangxi,252,2020/2/27
福建省,Fujian,296,2020/2/27
海南省,Hainan,168,2020/2/27
云南省,Yunnan,174,2020/2/27
宁夏回族自治区,Ningxia,72,2020/2/27
广东省,Guangdong,1347,2020/2/27
香港,Hong Kong,92,2020/2/27
上海市,Shanghai,337,2020/2/27
北京市,Beijing,410,2020/2/27
江西省,Jiangxi,934,2020/2/27
贵州省,Guizhou,146,2020/2/27
重庆市,Chongqing,576,2020/2/27
内蒙古自治区,Neimenggu,75,2020/2/26
新疆维吾尔自治区,Xinjiang,76,2020/2/26
广西壮族自治区,Guangxi,252,2020/2/26
陕西省,Shaanxi,245,2020/2/26
山西省,Shanxi,133,2020/2/26
吉林省,Jilin,93,2020/2/26
甘肃省,Gansu,91,2020/2/26
湖北省,Hubei,65187,2020/2/26
香港,Hong Kong,89,2020/2/26
山东省,Shandong,756,2020/2/26
海南省,Hainan,168,2020/2/26
天津市,Tianjin,135,2020/2/26
台湾,Taiwan,32,2020/2/26
河南省,Henan,1271,2020/2/26
广东省,Guangdong,1347,2020/2/26
浙江省,Zhejiang,1205,2020/2/26
黑龙江省,Heilongjiang,480,2020/2/26
福建省,Fujian,294,2020/2/26
河北省,Hebei,312,2020/2/26
安徽省,Anhui,989,2020/2/26
湖南省,Hunan,1016,2020/2/26
四川省,Sichuan,531,2020/2/26
江苏省,Jiangsu,631,2020/2/26
重庆市,Chongqing,576,2020/2/26
云南省,Yunnan,174,2020/2/26
上海市,Shanghai,336,2020/2/26
宁夏回族自治区,Ningxia,71,2020/2/26
江西省,Jiangxi,934,2020/2/26
北京市,Beijing,400,2020/2/26
辽宁省,Liaoning,121,2020/2/26
湖北省,Hubei,64786,2020/2/25
黑龙江省,Heilongjiang,480,2020/2/25
陕西省,Shaanxi,245,2020/2/25
天津市,Tianjin,135,2020/2/25
吉林省,Jilin,93,2020/2/25
澳门,Macau,10,2020/2/25
江西省,Jiangxi,934,2020/2/25
湖南省,Hunan,1016,2020/2/25
四川省,Sichuan,529,2020/2/25
山东省,Shandong,756,2020/2/25
海南省,Hainan,168,2020/2/25
河北省,Hebei,311,2020/2/25
河南省,Henan,1271,2020/2/25
广西壮族自治区,Guangxi,252,2020/2/25
福建省,Fujian,294,2020/2/25
香港,Hong Kong,84,2020/2/25
浙江省,Zhejiang,1205,2020/2/25
广东省,Guangdong,1347,2020/2/25
贵州省,Guizhou,146,2020/2/25
台湾,Taiwan,31,2020/2/25
安徽省,Anhui,989,2020/2/25
上海市,Shanghai,336,2020/2/25
云南省,Yunnan,174,2020/2/25
山西省,Shanxi,133,2020/2/25
宁夏回族自治区,Ningxia,71,2020/2/25
北京市,Beijing,400,2020/2/25
江苏省,Jiangsu,631,2020/2/25
辽宁省,Liaoning,121,2020/2/25
重庆市,Chongqing,576,2020/2/25
甘肃省,Gansu,91,2020/2/24
天津市,Tianjin,135,2020/2/24
新疆维吾尔自治区,Xinjiang,76,2020/2/24
山西省,Shanxi,132,2020/2/24
内蒙古自治区,Neimenggu,75,2020/2/24
黑龙江省,Heilongjiang,480,2020/2/24
江苏省,Jiangsu,631,2020/2/24
陕西省,Shaanxi,245,2020/2/24
海南省,Hainan,168,2020/2/24
湖南省,Hunan,1016,2020/2/24
四川省,Sichuan,527,2020/2/24
河北省,Hebei,311,2020/2/24
河南省,Henan,1271,2020/2/24
香港,Hong Kong,79,2020/2/24
湖北省,Hubei,64287,2020/2/24
山东省,Shandong,755,2020/2/24
广东省,Guangdong,1345,2020/2/24
福建省,Fujian,293,2020/2/24
台湾,Taiwan,30,2020/2/24
浙江省,Zhejiang,1205,2020/2/24
安徽省,Anhui,989,2020/2/24
云南省,Yunnan,174,2020/2/24
吉林省,Jilin,93,2020/2/24
上海市,Shanghai,335,2020/2/24
广西壮族自治区,Guangxi,251,2020/2/24
辽宁省,Liaoning,121,2020/2/24
宁夏回族自治区,Ningxia,71,2020/2/24
江西省,Jiangxi,934,2020/2/24
北京市,Beijing,399,2020/2/24
重庆市,Chongqing,575,2020/2/24
新疆维吾尔自治区,Xinjiang,76,2020/2/23
黑龙江省,Heilongjiang,480,2020/2/23
辽宁省,Liaoning,121,2020/2/23
甘肃省,Gansu,91,2020/2/23
天津市,Tianjin,135,2020/2/23
贵州省,Guizhou,146,2020/2/23
吉林省,Jilin,91,2020/2/23
湖北省,Hubei,64084,2020/2/23
浙江省,Zhejiang,1205,2020/2/23
陕西省,Shaanxi,245,2020/2/23
山东省,Shandong,754,2020/2/23
河北省,Hebei,311,2020/2/23
山西省,Shanxi,132,2020/2/23
广东省,Guangdong,1342,2020/2/23
河南省,Henan,1271,2020/2/23
安徽省,Anhui,989,2020/2/23
江西省,Jiangxi,934,2020/2/23
湖南省,Hunan,1016,2020/2/23
四川省,Sichuan,526,2020/2/23
重庆市,Chongqing,573,2020/2/23
江苏省,Jiangsu,631,2020/2/23
北京市,Beijing,399,2020/2/23
广西壮族自治区,Guangxi,249,2020/2/23
福建省,Fujian,293,2020/2/23
上海市,Shanghai,335,2020/2/23
香港,Hong Kong,74,2020/2/23
海南省,Hainan,168,2020/2/23
云南省,Yunnan,174,2020/2/23
内蒙古自治区,Neimenggu,75,2020/2/23
台湾,Taiwan,28,2020/2/23
宁夏回族自治区,Ningxia,71,2020/2/23
澳门,Macau,10,2020/2/23
青海省,Qinghai,18,2020/2/23
西藏自治区,Xizang,1,2020/2/23
河南省,Henan,1270,2020/2/22
福建省,Fujian,293,2020/2/22
内蒙古自治区,Neimenggu,75,2020/2/22
香港,Hong Kong,69,2020/2/22
湖北省,Hubei,63454,2020/2/22
四川省,Sichuan,526,2020/2/22
河北省,Hebei,309,2020/2/22
天津市,Tianjin,135,2020/2/22
吉林省,Jilin,91,2020/2/22
浙江省,Zhejiang,1205,2020/2/22
黑龙江省,Heilongjiang,479,2020/2/22
新疆维吾尔自治区,Xinjiang,76,2020/2/22
广东省,Guangdong,1339,2020/2/22
湖南省,Hunan,1013,2020/2/22
海南省,Hainan,168,2020/2/22
陕西省,Shaanxi,245,2020/2/22
山东省,Shandong,750,2020/2/22
山西省,Shanxi,132,2020/2/22
安徽省,Anhui,989,2020/2/22
江苏省,Jiangsu,631,2020/2/22
上海市,Shanghai,335,2020/2/22
江西省,Jiangxi,934,2020/2/22
广西壮族自治区,Guangxi,249,2020/2/22
云南省,Yunnan,174,2020/2/22
辽宁省,Liaoning,121,2020/2/22
北京市,Beijing,399,2020/2/22
贵州省,Guizhou,146,2020/2/22
重庆市,Chongqing,572,2020/2/22
湖南省,Hunan,1011,2020/2/21
甘肃省,Gansu,91,2020/2/21
新疆维吾尔自治区,Xinjiang,76,2020/2/21
河南省,Henan,1267,2020/2/21
湖北省,Hubei,62662,2020/2/21
四川省,Sichuan,525,2020/2/21
河北省,Hebei,308,2020/2/21
贵州省,Guizhou,146,2020/2/21
天津市,Tianjin,132,2020/2/21
黑龙江省,Heilongjiang,479,2020/2/21
江苏省,Jiangsu,631,2020/2/21
广西壮族自治区,Guangxi,246,2020/2/21
福建省,Fujian,293,2020/2/21
陕西省,Shaanxi,245,2020/2/21
浙江省,Zhejiang,1203,2020/2/21
山东省,Shandong,749,2020/2/21
广东省,Guangdong,1333,2020/2/21
安徽省,Anhui,988,2020/2/21
海南省,Hainan,168,2020/2/21
吉林省,Jilin,91,2020/2/21
内蒙古自治区,Neimenggu,75,2020/2/21
台湾,Taiwan,26,2020/2/21
宁夏回族自治区,Ningxia,71,2020/2/21
云南省,Yunnan,174,2020/2/21
上海市,Shanghai,334,2020/2/21
青海省,Qinghai,18,2020/2/21
香港,Hong Kong,68,2020/2/21
辽宁省,Liaoning,121,2020/2/21
江西省,Jiangxi,934,2020/2/21
北京市,Beijing,396,2020/2/21
重庆市,Chongqing,567,2020/2/21
山西省,Shanxi,132,2020/2/21
湖北省,Hubei,62031,2020/2/20
甘肃省,Gansu,91,2020/2/20
河南省,Henan,1265,2020/2/20
新疆维吾尔自治区,Xinjiang,76,2020/2/20
天津市,Tianjin,131,2020/2/20
江苏省,Jiangsu,631,2020/2/20
内蒙古自治区,Neimenggu,75,2020/2/20
福建省,Fujian,293,2020/2/20
广东省,Guangdong,1332,2020/2/20
浙江省,Zhejiang,1175,2020/2/20
湖南省,Hunan,1010,2020/2/20
山东省,Shandong,546,2020/2/20
河北省,Hebei,307,2020/2/20
海南省,Hainan,168,2020/2/20
安徽省,Anhui,987,2020/2/20
四川省,Sichuan,520,2020/2/20
陕西省,Shaanxi,245,2020/2/20
香港,Hong Kong,67,2020/2/20
黑龙江省,Heilongjiang,476,2020/2/20
广西壮族自治区,Guangxi,245,2020/2/20
贵州省,Guizhou,146,2020/2/20
吉林省,Jilin,91,2020/2/20
山西省,Shanxi,131,2020/2/20
辽宁省,Liaoning,121,2020/2/20
上海市,Shanghai,334,2020/2/20
云南省,Yunnan,173,2020/2/20
江西省,Jiangxi,934,2020/2/20
宁夏回族自治区,Ningxia,71,2020/2/20
台湾,Taiwan,24,2020/2/20
澳门,Macau,10,2020/2/20
北京市,Beijing,395,2020/2/20
重庆市,Chongqing,560,2020/2/20
安徽省,Anhui,986,2020/2/19
湖北省,Hubei,61682,2020/2/19
四川省,Sichuan,514,2020/2/19
甘肃省,Gansu,91,2020/2/19
河北省,Hebei,306,2020/2/19
山西省,Shanxi,131,2020/2/19
天津市,Tianjin,130,2020/2/19
河南省,Henan,1262,2020/2/19
江苏省,Jiangsu,631,2020/2/19
香港,Hong Kong,63,2020/2/19
山东省,Shandong,544,2020/2/19
福建省,Fujian,293,2020/2/19
浙江省,Zhejiang,1174,2020/2/19
湖南省,Hunan,1008,2020/2/19
黑龙江省,Heilongjiang,470,2020/2/19
内蒙古自治区,Neimenggu,75,2020/2/19
贵州省,Guizhou,146,2020/2/19
广东省,Guangdong,1331,2020/2/19
陕西省,Shaanxi,242,2020/2/19
海南省,Hainan,163,2020/2/19
广西壮族自治区,Guangxi,244,2020/2/19
台湾,Taiwan,23,2020/2/19
新疆维吾尔自治区,Xinjiang,76,2020/2/19
吉林省,Jilin,90,2020/2/19
云南省,Yunnan,173,2020/2/19
上海市,Shanghai,333,2020/2/19
青海省,Qinghai,18,2020/2/19
北京市,Beijing,393,2020/2/19
宁夏回族自治区,Ningxia,71,2020/2/19
辽宁省,Liaoning,121,2020/2/19
江西省,Jiangxi,934,2020/2/19
重庆市,Chongqing,555,2020/2/19
甘肃省,Gansu,91,2020/2/18
山西省,Shanxi,130,2020/2/18
河南省,Henan,1257,2020/2/18
陕西省,Shaanxi,240,2020/2/18
天津市,Tianjin,128,2020/2/18
广东省,Guangdong,1328,2020/2/18
安徽省,Anhui,982,2020/2/18
湖南省,Hunan,1007,2020/2/18
河北省,Hebei,302,2020/2/18
香港,Hong Kong,62,2020/2/18
贵州省,Guizhou,146,2020/2/18
辽宁省,Liaoning,121,2020/2/18
江苏省,Jiangsu,629,2020/2/18
四川省,Sichuan,508,2020/2/18
广西壮族自治区,Guangxi,242,2020/2/18
浙江省,Zhejiang,1172,2020/2/18
山东省,Shandong,543,2020/2/18
湖北省,Hubei,59989,2020/2/18
黑龙江省,Heilongjiang,464,2020/2/18
海南省,Hainan,163,2020/2/18
宁夏回族自治区,Ningxia,70,2020/2/18
上海市,Shanghai,333,2020/2/18
福建省,Fujian,292,2020/2/18
云南省,Yunnan,172,2020/2/18
重庆市,Chongqing,553,2020/2/18
吉林省,Jilin,89,2020/2/18
青海省,Qinghai,18,2020/2/18
北京市,Beijing,387,2020/2/18
内蒙古自治区,Neimenggu,73,2020/2/18
江西省,Jiangxi,933,2020/2/18
新疆维吾尔自治区,Xinjiang,76,2020/2/18
台湾,Taiwan,22,2020/2/17
河南省,Henan,1246,2020/2/17
甘肃省,Gansu,91,2020/2/17
重庆市,Chongqing,552,2020/2/17
四川省,Sichuan,495,2020/2/17
河北省,Hebei,301,2020/2/17
广东省,Guangdong,1322,2020/2/17
天津市,Tianjin,125,2020/2/17
湖北省,Hubei,58182,2020/2/17
湖南省,Hunan,1006,2020/2/17
陕西省,Shaanxi,240,2020/2/17
山西省,Shanxi,129,2020/2/17
香港,Hong Kong,58,2020/2/17
浙江省,Zhejiang,1171,2020/2/17
辽宁省,Liaoning,121,2020/2/17
贵州省,Guizhou,146,2020/2/17
山东省,Shandong,541,2020/2/17
海南省,Hainan,163,2020/2/17
吉林省,Jilin,89,2020/2/17
宁夏回族自治区,Ningxia,70,2020/2/17
江苏省,Jiangsu,626,2020/2/17
福建省,Fujian,290,2020/2/17
广西壮族自治区,Guangxi,238,2020/2/17
云南省,Yunnan,171,2020/2/17
安徽省,Anhui,973,2020/2/17
黑龙江省,Heilongjiang,457,2020/2/17
上海市,Shanghai,332,2020/2/17
内蒙古自治区,Neimenggu,72,2020/2/17
新疆维吾尔自治区,Xinjiang,75,2020/2/17
江西省,Jiangxi,930,2020/2/17
北京市,Beijing,381,2020/2/17
河南省,Henan,1231,2020/2/16
黑龙江省,Heilongjiang,445,2020/2/16
陕西省,Shaanxi,236,2020/2/16
甘肃省,Gansu,90,2020/2/16
山西省,Shanxi,128,2020/2/16
湖南省,Hunan,1004,2020/2/16
天津市,Tianjin,124,2020/2/16
广东省,Guangdong,1316,2020/2/16
山东省,Shandong,537,2020/2/16
福建省,Fujian,287,2020/2/16
河北省,Hebei,300,2020/2/16
广西壮族自治区,Guangxi,237,2020/2/16
海南省,Hainan,162,2020/2/16
辽宁省,Liaoning,121,2020/2/16
澳门,Macau,10,2020/2/16
湖北省,Hubei,56249,2020/2/16
台湾,Taiwan,20,2020/2/16
江西省,Jiangxi,925,2020/2/16
四川省,Sichuan,481,2020/2/16
北京市,Beijing,380,2020/2/16
吉林省,Jilin,89,2020/2/16
香港,Hong Kong,57,2020/2/16
云南省,Yunnan,171,2020/2/16
浙江省,Zhejiang,1167,2020/2/16
江苏省,Jiangsu,617,2020/2/16
贵州省,Guizhou,144,2020/2/16
安徽省,Anhui,962,2020/2/16
内蒙古自治区,Neimenggu,70,2020/2/16
新疆维吾尔自治区,Xinjiang,71,2020/2/16
重庆市,Chongqing,547,2020/2/16
上海市,Shanghai,328,2020/2/16
上海市,Shanghai,326,2020/2/15
湖北省,Hubei,54406,2020/2/15
贵州省,Guizhou,143,2020/2/15
广东省,Guangdong,1294,2020/2/15
内蒙古自治区,Neimenggu,68,2020/2/15
天津市,Tianjin,122,2020/2/15
湖南省,Hunan,1001,2020/2/15
福建省,Fujian,285,2020/2/15
河北省,Hebei,291,2020/2/15
河南省,Henan,1212,2020/2/15
安徽省,Anhui,950,2020/2/15
江苏省,Jiangsu,604,2020/2/15
陕西省,Shaanxi,232,2020/2/15
吉林省,Jilin,88,2020/2/15
甘肃省,Gansu,90,2020/2/15
重庆市,Chongqing,538,2020/2/15
黑龙江省,Heilongjiang,425,2020/2/15
浙江省,Zhejiang,1162,2020/2/15
山东省,Shandong,532,2020/2/15
海南省,Hainan,162,2020/2/15
北京市,Beijing,375,2020/2/15
辽宁省,Liaoning,119,2020/2/15
新疆维吾尔自治区,Xinjiang,70,2020/2/15
四川省,Sichuan,470,2020/2/15
宁夏回族自治区,Ningxia,70,2020/2/15
青海省,Qinghai,18,2020/2/15
广西壮族自治区,Guangxi,235,2020/2/15
云南省,Yunnan,168,2020/2/15
山西省,Shanxi,127,2020/2/15
江西省,Jiangxi,913,2020/2/15
广西壮族自治区,Guangxi,226,2020/2/14
海南省,Hainan,159,2020/2/14
辽宁省,Liaoning,119,2020/2/14
浙江省,Zhejiang,1155,2020/2/14
黑龙江省,Heilongjiang,419,2020/2/14
广东省,Guangdong,1261,2020/2/14
河南省,Henan,1184,2020/2/14
安徽省,Anhui,934,2020/2/14
陕西省,Shaanxi,230,2020/2/14
云南省,Yunnan,162,2020/2/14
山东省,Shandong,523,2020/2/14
四川省,Sichuan,463,2020/2/14
福建省,Fujian,281,2020/2/14
河北省,Hebei,283,2020/2/14
天津市,Tianjin,120,2020/2/14
湖北省,Hubei,51986,2020/2/14
江苏省,Jiangsu,593,2020/2/14
湖南省,Hunan,988,2020/2/14
香港,Hongkong,56,2020/2/14
重庆市,Chongqing,532,2020/2/14
北京市,Beijing,372,2020/2/14
山西省,Shanxi,126,2020/2/14
上海市,Shanghai,318,2020/2/14
台湾,Taiwan,18,2020/2/14
内蒙古自治区,Neimenggu,65,2020/2/14
贵州省,Guizhou,140,2020/2/14
宁夏回族自治区,Ningxia,67,2020/2/14
江西省,Jiangxi,900,2020/2/14
新疆维吾尔自治区,Xinjiang,65,2020/2/14
吉林省,Jilin,86,2020/2/14
甘肃省,Gansu,90,2020/2/13
新疆维吾尔自治区,Xinjiang,63,2020/2/13
香港,Hongkong,53,2020/2/13
河南省,Henan,1169,2020/2/13
辽宁省,Liaoning,117,2020/2/13
湖北省,Hubei,48206,2020/2/13
浙江省,Zhejiang,1145,2020/2/13
重庆市,Chongqing,525,2020/2/13
北京市,Beijing,366,2020/2/13
澳门,Macao,10,2020/2/13
广东省,Guangdong,1241,2020/2/13
安徽省,Anhui,910,2020/2/13
山东省,Shandong,509,2020/2/13
四川省,Sichuan,451,2020/2/13
吉林省,Jilin,84,2020/2/13
江西省,Jiangxi,872,2020/2/13
湖南省,Hunan,968,2020/2/13
江苏省,Jiangsu,570,2020/2/13
黑龙江省,Heilongjiang,395,2020/2/13
上海市,Shanghai,315,2020/2/13
河北省,Hebei,265,2020/2/13
广西壮族自治区,Guangxi,222,2020/2/13
陕西省,Shaanxi,229,2020/2/13
云南省,Yunnan,156,2020/2/13
海南省,Hainan,157,2020/2/13
贵州省,Guizhou,135,2020/2/13
天津市,Tianjin,117,2020/2/13
山西省,Shanxi,126,2020/2/13
内蒙古自治区,Neimenggu,61,2020/2/13
福建省,Fujian,279,2020/2/13
青海省,Qinghai,18,2020/2/13
宁夏回族自治区,Ningxia,64,2020/2/13
台湾,Taiwan,18,2020/2/13
西藏自治区,Xizang,1,2020/2/13
广西壮族自治区,Guangxi,222,2020/2/12
天津市,Tianjin,112,2020/2/12
甘肃省,Gansu,86,2020/2/12
湖北省,Hubei,33366,2020/2/12
河南省,Henan,1135,2020/2/12
江苏省,Jiangsu,543,2020/2/12
黑龙江省,Heilongjiang,378,2020/2/12
云南省,Yunnan,154,2020/2/12
吉林省,Jilin,83,2020/2/12
辽宁省,Liaoning,116,2020/2/12
湖南省,Hunan,946,2020/2/12
四川省,Sichuan,436,2020/2/12
广东省,Guangdong,1219,2020/2/12
福建省,Fujian,272,2020/2/12
山东省,Shandong,497,2020/2/12
河北省,Hebei,251,2020/2/12
陕西省,Shaanxi,225,2020/2/12
内蒙古自治区,Neimenggu,60,2020/2/12
宁夏回族自治区,Ningxia,58,2020/2/12
浙江省,Zhejiang,1131,2020/2/12
安徽省,Anhui,889,2020/2/12
山西省,Shanxi,124,2020/2/12
澳门,Macao,10,2020/2/12
香港,Hongkong,50,2020/2/12
贵州省,Guizhou,133,2020/2/12
海南省,Hainan,157,2020/2/12
重庆市,Chongqing,509,2020/2/12
上海市,Shanghai,311,2020/2/12
青海省,Qinghai,18,2020/2/12
西藏自治区,Xizang,1,2020/2/12
北京市,Beijing,352,2020/2/12
新疆维吾尔自治区,Xinjiang,59,2020/2/12
江西省,Jiangxi,844,2020/2/12
广西壮族自治区,Guangxi,215,2020/2/11
甘肃省,Gansu,86,2020/2/11
海南省,Hainan,144,2020/2/11
天津市,Tianjin,105,2020/2/11
湖北省,Hubei,31728,2020/2/11
广东省,Guangdong,1177,2020/2/11
河南省,Henan,1105,2020/2/11
江西省,Jiangxi,804,2020/2/11
福建省,Fujian,267,2020/2/11
贵州省,Guizhou,127,2020/2/11
浙江省,Zhejiang,1117,2020/2/11
湖南省,Hunan,912,2020/2/11
山西省,Shanxi,122,2020/2/11
辽宁省,Liaoning,111,2020/2/11
山东省,Shandong,487,2020/2/11
四川省,Sichuan,417,2020/2/11
黑龙江省,Heilongjiang,360,2020/2/11
河北省,Hebei,239,2020/2/11
青海省,Qinghai,18,2020/2/11
宁夏回族自治区,Ningxia,53,2020/2/11
香港,Hongkong,49,2020/2/11
安徽省,Anhui,860,2020/2/11
云南省,Yunnan,153,2020/2/11
新疆维吾尔自治区,Xinjiang,55,2020/2/11
重庆市,Chongqing,489,2020/2/11
江苏省,Jiangsu,515,2020/2/11
吉林省,Jilin,81,2020/2/11
上海市,Shanghai,303,2020/2/11
陕西省,Shaanxi,219,2020/2/11
北京市,Beijing,342,2020/2/11
天津市,Tianjin,95,2020/2/10
浙江省,Zhejiang,1092,2020/2/10
吉林省,Jilin,80,2020/2/10
广西壮族自治区,Guangxi,210,2020/2/10
福建省,Fujian,261,2020/2/10
江苏省,Jiangsu,492,2020/2/10
辽宁省,Liaoning,108,2020/2/10
江西省,Jiangxi,771,2020/2/10
湖南省,Hunan,879,2020/2/10
河南省,Henan,1073,2020/2/10
广东省,Guangdong,1159,2020/2/10
湖北省,Hubei,29631,2020/2/10
陕西省,Shaanxi,213,2020/2/10
重庆市,Chongqing,473,2020/2/10
贵州省,Guizhou,109,2020/2/10
香港,Hongkong,38,2020/2/10
四川省,Sichuan,405,2020/2/10
河北省,Hebei,218,2020/2/10
云南省,Yunnan,149,2020/2/10
山东省,Shandong,466,2020/2/10
海南省,Hainan,138,2020/2/10
黑龙江省,Heilongjiang,331,2020/2/10
安徽省,Anhui,830,2020/2/10
甘肃省,Gansu,83,2020/2/10
上海市,Shanghai,299,2020/2/10
内蒙古自治区,Neimenggu,58,2020/2/10
北京市,Beijing,337,2020/2/10
宁夏回族自治区,Ningxia,49,2020/2/10
新疆维吾尔自治区,Xinjiang,49,2020/2/10
山西省,Shanxi,119,2020/2/10
广东省,Guangdong,1131,2020/2/9
山东省,Shandong,444,2020/2/9
海南省,Hainan,131,2020/2/9
河北省,Hebei,206,2020/2/9
四川省,Sichuan,386,2020/2/9
湖南省,Hunan,838,2020/2/9
辽宁省,Liaoning,107,2020/2/9
重庆市,Chongqing,450,2020/2/9
浙江省,Zhejiang,1075,2020/2/9
甘肃省,Gansu,79,2020/2/9
上海市,Shanghai,293,2020/2/9
河南省,Henan,1033,2020/2/9
湖北省,Hubei,27100,2020/2/9
江西省,Jiangxi,740,2020/2/9
江苏省,Jiangsu,468,2020/2/9
贵州省,Guizhou,99,2020/2/9
香港,Hongkong,29,2020/2/9
安徽省,Anhui,779,2020/2/9
台湾,Taiwan,18,2020/2/9
福建省,Fujian,250,2020/2/9
山西省,Shanxi,115,2020/2/9
吉林省,Jilin,78,2020/2/9
云南省,Yunnan,141,2020/2/9
黑龙江省,Heilongjiang,307,2020/2/9
天津市,Tianjin,90,2020/2/9
北京市,Beijing,326,2020/2/9
陕西省,Shaanxi,208,2020/2/9
内蒙古自治区,Neimenggu,54,2020/2/9
宁夏回族自治区,Ningxia,45,2020/2/9
广西壮族自治区,Guangxi,195,2020/2/9
新疆维吾尔自治区,Xinjiang,45,2020/2/9
四川省,Sichuan,364,2020/2/8
甘肃省,Gansu,79,2020/2/8
河南省,Henan,981,2020/2/8
湖北省,Hubei,24953,2020/2/8
湖南省,Hunan,803,2020/2/8
辽宁省,Liaoning,105,2020/2/8
广东省,Guangdong,1095,2020/2/8
山东省,Shandong,416,2020/2/8
河北省,Hebei,195,2020/2/8
重庆市,Chongqing,428,2020/2/8
浙江省,Zhejiang,1048,2020/2/8
海南省,Hainan,124,2020/2/8
江苏省,Jiangsu,439,2020/2/8
陕西省,Shaanxi,195,2020/2/8
宁夏回族自治区,Ningxia,45,2020/2/8
云南省,Yunnan,138,2020/2/8
黑龙江省,Heilongjiang,295,2020/2/8
天津市,Tianjin,88,2020/2/8
福建省,Fujian,239,2020/2/8
安徽省,Anhui,733,2020/2/8
山西省,Shanxi,104,2020/2/8
贵州省,Guizhou,89,2020/2/8
上海市,Shanghai,286,2020/2/8
台湾,Taiwan,17,2020/2/8
广西壮族自治区,Guangxi,183,2020/2/8
内蒙古自治区,Neimenggu,52,2020/2/8
新疆维吾尔自治区,Xinjiang,42,2020/2/8
北京市,Beijing,315,2020/2/8
江西省,Jiangxi,698,2020/2/8
吉林省,Jilin,69,2020/2/8
香港,Hongkong,26,2020/2/8
辽宁省,Liaoning,99,2020/2/7
湖北省,Hubei,22112,2020/2/7
江苏省,Jiangsu,408,2020/2/7
河南省,Henan,914,2020/2/7
福建省,Fujian,224,2020/2/7
海南省,Hainan,117,2020/2/7
山西省,Shanxi,96,2020/2/7
重庆市,Chongqing,415,2020/2/7
河北省,Hebei,172,2020/2/7
香港,Hongkong,25,2020/2/7
湖南省,Hunan,772,2020/2/7
浙江省,Zhejiang,1006,2020/2/7
山东省,Shandong,386,2020/2/7
内蒙古自治区,Neimenggu,50,2020/2/7
宁夏回族自治区,Ningxia,43,2020/2/7
贵州省,Guizhou,81,2020/2/7
广东省,Guangdong,1034,2020/2/7
云南省,Yunnan,136,2020/2/7
四川省,Sichuan,344,2020/2/7
陕西省,Shaanxi,184,2020/2/7
黑龙江省,Heilongjiang,277,2020/2/7
上海市,Shanghai,277,2020/2/7
天津市,Tianjin,81,2020/2/7
安徽省,Anhui,665,2020/2/7
新疆维吾尔自治区,Xinjiang,39,2020/2/7
北京市,Beijing,297,2020/2/7
甘肃省,Gansu,67,2020/2/7
广西壮族自治区,Guangxi,172,2020/2/7
江西省,Jiangxi,661,2020/2/7
吉林省,Jilin,65,2020/2/7
台湾,Taiwan,16,2020/2/6
香港,Hongkong,24,2020/2/6
辽宁省,Liaoning,94,2020/2/6
澳门,Macao,10,2020/2/6
吉林省,Jilin,59,2020/2/6
山西省,Shanxi,90,2020/2/6
河北省,Hebei,157,2020/2/6
陕西省,Shaanxi,173,2020/2/6
重庆市,Chongqing,400,2020/2/6
安徽省,Anhui,591,2020/2/6
湖南省,Hunan,711,2020/2/6
广东省,Guangdong,970,2020/2/6
湖北省,Hubei,19665,2020/2/6
河南省,Henan,851,2020/2/6
海南省,Hainan,106,2020/2/6
福建省,Fujian,215,2020/2/6
浙江省,Zhejiang,954,2020/2/6
贵州省,Guizhou,71,2020/2/6
云南省,Yunnan,133,2020/2/6
黑龙江省,Heilongjiang,227,2020/2/6
四川省,Sichuan,321,2020/2/6
江苏省,Jiangsu,373,2020/2/6
山东省,Shandong,347,2020/2/6
新疆维吾尔自治区,Xinjiang,36,2020/2/6
上海市,Shanghai,257,2020/2/6
天津市,Tianjin,78,2020/2/6
北京市,Beijing,274,2020/2/6
广西壮族自治区,Guangxi,168,2020/2/6
江西省,Jiangxi,600,2020/2/6
内蒙古自治区,Neimenggu,46,2020/2/6
青海省,Qinghai,18,2020/2/6
宁夏回族自治区,Ningxia,40,2020/2/6
甘肃省,Gansu,62,2020/2/6
湖北省,Hubei,16678,2020/2/5
辽宁省,Liaoning,89,2020/2/5
山西省,Shanxi,81,2020/2/5
河南省,Henan,764,2020/2/5
湖南省,Hunan,661,2020/2/5
甘肃省,Gansu,57,2020/2/5
浙江省,Zhejiang,895,2020/2/5
安徽省,Anhui,530,2020/2/5
广东省,Guangdong,895,2020/2/5
香港,Hongkong,21,2020/2/5
江苏省,Jiangsu,341,2020/2/5
贵州省,Guizhou,64,2020/2/5
福建省,Fujian,205,2020/2/5
黑龙江省,Heilongjiang,190,2020/2/5
广西壮族自治区,Guangxi,150,2020/2/5
河北省,Hebei,135,2020/2/5
海南省,Hainan,91,2020/2/5
吉林省,Jilin,54,2020/2/5
山东省,Shandong,307,2020/2/5
四川省,Sichuan,301,2020/2/5
重庆市,Chongqing,376,2020/2/5
内蒙古自治区,Neimenggu,42,2020/2/5
陕西省,Shaanxi,165,2020/2/5
云南省,Yunnan,124,2020/2/5
上海市,Shanghai,243,2020/2/5
北京市,Beijing,253,2020/2/5
天津市,Tianjin,69,2020/2/5
青海省,Qinghai,17,2020/2/5
新疆维吾尔自治区,Xinjiang,32,2020/2/5
江西省,Jiangxi,548,2020/2/5
甘肃省,Gansu,57,2020/2/4
台湾,Taiwan,11,2020/2/4
江西省,Jiangxi,476,2020/2/4
河南省,Henan,675,2020/2/4
辽宁省,Liaoning,81,2020/2/4
湖南省,Hunan,593,2020/2/4
四川省,Sichuan,282,2020/2/4
天津市,Tianjin,67,2020/2/4
广东省,Guangdong,813,2020/2/4
浙江省,Zhejiang,829,2020/2/4
山西省,Shanxi,74,2020/2/4
陕西省,Shaanxi,142,2020/2/4
上海市,Shanghai,219,2020/2/4
新疆维吾尔自治区,Xinjiang,29,2020/2/4
福建省,Fujian,194,2020/2/4
山东省,Shandong,275,2020/2/4
江苏省,Jiangsu,308,2020/2/4
海南省,Hainan,80,2020/2/4
贵州省,Guizhou,58,2020/2/4
湖北省,Hubei,13522,2020/2/4
香港,Hongkong,17,2020/2/4
河北省,Hebei,126,2020/2/4
北京市,Beijing,228,2020/2/4
重庆市,Chongqing,344,2020/2/4
西藏自治区,Xizang,1,2020/2/4
黑龙江省,Heilongjiang,155,2020/2/4
云南省,Yunnan,119,2020/2/4
广西壮族自治区,Guangxi,139,2020/2/4
安徽省,Anhui,480,2020/2/4
澳门,Macao,10,2020/2/4
吉林省,Jilin,42,2020/2/4
内蒙古自治区,Neimenggu,35,2020/2/4
宁夏回族自治区,Ningxia,34,2020/2/4
青海省,Qinghai,15,2020/2/4
安徽省,Anhui,408,2020/2/3
河南省,Henan,566,2020/2/3
山东省,Shandong,259,2020/2/3
海南省,Hainan,72,2020/2/3
辽宁省,Liaoning,74,2020/2/3
天津市,Tianjin,60,2020/2/3
湖北省,Hubei,11177,2020/2/3
浙江省,Zhejiang,724,2020/2/3
广东省,Guangdong,725,2020/2/3
云南省,Yunnan,114,2020/2/3
广西壮族自治区,Guangxi,127,2020/2/3
福建省,Fujian,179,2020/2/3
四川省,Sichuan,254,2020/2/3
江苏省,Jiangsu,271,2020/2/3
湖南省,Hunan,521,2020/2/3
北京市,Beijing,212,2020/2/3
宁夏回族自治区,Ningxia,31,2020/2/3
重庆市,Chongqing,312,2020/2/3
上海市,Shanghai,203,2020/2/3
黑龙江省,Heilongjiang,121,2020/2/3
新疆维吾尔自治区,Xinjiang,24,2020/2/3
山西省,Shanxi,66,2020/2/3
青海省,Qinghai,13,2020/2/3
内蒙古自治区,Neimenggu,34,2020/2/3
陕西省,Shaanxi,128,2020/2/3
江西省,Jiangxi,391,2020/2/3
河北省,Hebei,113,2020/2/3
甘肃省,Gansu,51,2020/2/3
贵州省,Guizhou,46,2020/2/3
吉林省,Jilin,31,2020/2/3
香港,Hongkong,15,2020/2/3
海南省,Hainan,64,2020/2/2
河南省,Henan,493,2020/2/2
甘肃省,Gansu,40,2020/2/2
辽宁省,Liaoning,70,2020/2/2
江西省,Jiangxi,333,2020/2/2
四川省,Sichuan,231,2020/2/2
安徽省,Anhui,340,2020/2/2
湖南省,Hunan,463,2020/2/2
浙江省,Zhejiang,661,2020/2/2
广东省,Guangdong,632,2020/2/2
湖北省,Hubei,9074,2020/2/2
江苏省,Jiangsu,236,2020/2/2
天津市,Tianjin,48,2020/2/2
云南省,Yunnan,105,2020/2/2
山西省,Shanxi,56,2020/2/2
山东省,Shandong,230,2020/2/2
北京市,Beijing,191,2020/2/2
重庆市,Chongqing,275,2020/2/2
青海省,Qinghai,11,2020/2/2
西藏自治区,Xizang,1,2020/2/2
上海市,Shanghai,182,2020/2/2
澳门,Macao,8,2020/2/2
福建省,Fujian,159,2020/2/2
内蒙古自治区,Neimenggu,27,2020/2/2
陕西省,Shaanxi,116,2020/2/2
黑龙江省,Heilongjiang,95,2020/2/2
河北省,Hebei,104,2020/2/2
吉林省,Jilin,23,2020/2/2
宁夏回族自治区,Ningxia,28,2020/2/2
香港,Hongkong,14,2020/2/2
贵州省,Guizhou,38,2020/2/2
新疆维吾尔自治区,Xinjiang,21,2020/2/2
广西壮族自治区,Guangxi,111,2020/2/2
云南省,Yunnan,93,2020/2/1
天津市,Tianjin,41,2020/2/1
甘肃省,Gansu,40,2020/2/1
辽宁省,Liaoning,64,2020/2/1
广东省,Guangdong,535,2020/2/1
江苏省,Jiangsu,202,2020/2/1
安徽省,Anhui,297,2020/2/1
吉林省,Jilin,17,2020/2/1
青海省,Qinghai,9,2020/2/1
海南省,Hainan,62,2020/2/1
河南省,Henan,422,2020/2/1
湖北省,Hubei,7153,2020/2/1
重庆市,Chongqing,247,2020/2/1
湖南省,Hunan,389,2020/2/1
浙江省,Zhejiang,599,2020/2/1
黑龙江省,Heilongjiang,80,2020/2/1
新疆维吾尔自治区,Xinjiang,18,2020/2/1
北京市,Beijing,168,2020/2/1
上海市,Shanghai,169,2020/2/1
宁夏回族自治区,Ningxia,26,2020/2/1
山东省,Shandong,206,2020/2/1
香港,Hongkong,13,2020/2/1
四川省,Sichuan,207,2020/2/1
福建省,Fujian,144,2020/2/1
内蒙古自治区,Neimenggu,23,2020/2/1
陕西省,Shaanxi,101,2020/2/1
江西省,Jiangxi,286,2020/2/1
广西壮族自治区,Guangxi,100,2020/2/1
河北省,Hebei,96,2020/2/1
山西省,Shanxi,47,2020/2/1
浙江省,Zhejiang,538,2020/1/31
湖北省,Hubei,5806,2020/1/31
广东省,Guangdong,436,2020/1/31
台湾,Taiwan,10,2020/1/31
江苏省,Jiangsu,168,2020/1/31
内蒙古自治区,Neimenggu,20,2020/1/31
贵州省,Guizhou,29,2020/1/31
云南省,Yunnan,83,2020/1/31
新疆维吾尔自治区,Xinjiang,17,2020/1/31
上海市,Shanghai,135,2020/1/31
海南省,Hainan,52,2020/1/31
北京市,Beijing,139,2020/1/31
重庆市,Chongqing,211,2020/1/31
山东省,Shandong,184,2020/1/31
河南省,Henan,352,2020/1/31
吉林省,Jilin,14,2020/1/31
辽宁省,Liaoning,48,2020/1/31
福建省,Fujian,120,2020/1/31
天津市,Tianjin,32,2020/1/31
陕西省,Shaanxi,87,2020/1/31
宁夏回族自治区,Ningxia,21,2020/1/31
青海省,Qinghai,8,2020/1/31
湖南省,Hunan,332,2020/1/31
黑龙江省,Heilongjiang,59,2020/1/31
江西省,Jiangxi,240,2020/1/31
四川省,Sichuan,177,2020/1/31
安徽省,Anhui,237,2020/1/31
广西壮族自治区,Guangxi,87,2020/1/31
河北省,Hebei,82,2020/1/31
香港,Hongkong,12,2020/1/31
甘肃省,Gansu,29,2020/1/31
山西省,Shanxi,39,2020/1/31
天津市,Tianjin,31,2020/1/30
黑龙江省,Heilongjiang,44,2020/1/30
湖北省,Hubei,4903,2020/1/30
广东省,Guangdong,354,2020/1/30
青海省,Qinghai,8,2020/1/30
台湾,Taiwan,9,2020/1/30
重庆市,Chongqing,182,2020/1/30
山东省,Shandong,158,2020/1/30
上海市,Shanghai,112,2020/1/30
海南省,Hainan,46,2020/1/30
湖南省,Hunan,277,2020/1/30
辽宁省,Liaoning,41,2020/1/30
宁夏回族自治区,Ningxia,17,2020/1/30
河南省,Henan,278,2020/1/30
北京市,Beijing,114,2020/1/30
江西省,Jiangxi,162,2020/1/30
内蒙古自治区,Neimenggu,18,2020/1/30
陕西省,Shaanxi,63,2020/1/30
福建省,Fujian,101,2020/1/30
云南省,Yunnan,70,2020/1/30
吉林省,Jilin,14,2020/1/30
甘肃省,Gansu,26,2020/1/30
浙江省,Zhejiang,428,2020/1/30
新疆维吾尔自治区,Xinjiang,14,2020/1/30
贵州省,Guizhou,12,2020/1/30
安徽省,Anhui,200,2020/1/30
江苏省,Jiangsu,129,2020/1/30
四川省,Sichuan,142,2020/1/30
广西壮族自治区,Guangxi,78,2020/1/30
河北省,Hebei,65,2020/1/30
西藏自治区,Xizang,1,2020/1/30
山西省,Shanxi,35,2020/1/30
北京市,Beijing,111,2020/1/29
四川省,Sichuan,108,2020/1/29
辽宁省,Liaoning,39,2020/1/29
新疆维吾尔自治区,Xinjiang,13,2020/1/29
天津市,Tianjin,27,2020/1/29
陕西省,Shaanxi,56,2020/1/29
山西省,Shanxi,27,2020/1/29
湖北省,Hubei,3554,2020/1/29
香港,Hongkong,10,2020/1/29
广东省,Guangdong,277,2020/1/29
云南省,Yunnan,55,2020/1/29
福建省,Fujian,84,2020/1/29
上海市,Shanghai,96,2020/1/29
山东省,Shandong,130,2020/1/29
黑龙江省,Heilongjiang,38,2020/1/29
安徽省,Anhui,152,2020/1/29
贵州省,Guizhou,9,2020/1/29
重庆市,Chongqing,147,2020/1/29
内蒙古自治区,Neimenggu,16,2020/1/29
宁夏回族自治区,Ningxia,12,2020/1/29
海南省,Hainan,43,2020/1/29
西藏自治区,Xizang,0,2020/1/29
吉林省,Jilin,9,2020/1/29
江苏省,Jiangsu,99,2020/1/29
甘肃省,Gansu,24,2020/1/29
湖南省,Hunan,221,2020/1/29
河北省,Hebei,48,2020/1/29
浙江省,Zhejiang,296,2020/1/29
河南省,Henan,206,2020/1/29
广西壮族自治区,Guangxi,58,2020/1/29
江西省,Jiangxi,109,2020/1/29
北京市,Beijing,91,2020/1/28
台湾,Taiwan,8,2020/1/28
福建省,Fujian,80,2020/1/28
辽宁省,Liaoning,34,2020/1/28
浙江省,Zhejiang,173,2020/1/28
广东省,Guangdong,207,2020/1/28
广西壮族自治区,Guangxi,51,2020/1/28
湖北省,Hubei,2714,2020/1/28
内蒙古自治区,Neimenggu,15,2020/1/28
山东省,Shandong,95,2020/1/28
湖南省,Hunan,143,2020/1/28
江西省,Jiangxi,72,2020/1/28
上海市,Shanghai,66,2020/1/28
陕西省,Shaanxi,46,2020/1/28
云南省,Yunnan,44,2020/1/28
海南省,Hainan,40,2020/1/28
天津市,Tianjin,24,2020/1/28
甘肃省,Gansu,19,2020/1/28
吉林省,Jilin,8,2020/1/28
澳门,Macao,7,2020/1/28
河北省,Hebei,33,2020/1/28
宁夏回族自治区,Ningxia,11,2020/1/28
新疆维吾尔自治区,Xinjiang,10,2020/1/28
重庆市,Chongqing,132,2020/1/28
山西省,Shanxi,20,2020/1/28
四川省,Sichuan,90,2020/1/28
黑龙江省,Heilongjiang,30,2020/1/28
安徽省,Anhui,106,2020/1/28
江苏省,Jiangsu,70,2020/1/28
贵州省,Guizhou,9,2020/1/28
河南省,Henan,168,2020/1/28
北京市,Beijing,80,2020/1/27
福建省,Fujian,59,2020/1/27
青海省,Qinghai,6,2020/1/27
广东省,Guangdong,151,2020/1/27
天津市,Tianjin,22,2020/1/27
云南省,Yunnan,26,2020/1/27
海南省,Hainan,33,2020/1/27
辽宁省,Liaoning,27,2020/1/27
山东省,Shandong,75,2020/1/27
湖北省,Hubei,1423,2020/1/27
上海市,Shanghai,53,2020/1/27
台湾,Taiwan,5,2020/1/27
宁夏回族自治区,Ningxia,7,2020/1/27
江西省,Jiangxi,48,2020/1/27
陕西省,Shaanxi,35,2020/1/27
内蒙古自治区,Neimenggu,11,2020/1/27
四川省,Sichuan,69,2020/1/27
新疆维吾尔自治区,Xinjiang,5,2020/1/27
河北省,Hebei,18,2020/1/27
重庆市,Chongqing,110,2020/1/27
甘肃省,Gansu,14,2020/1/27
吉林省,Jilin,6,2020/1/27
江苏省,Jiangsu,47,2020/1/27
黑龙江省,Heilongjiang,21,2020/1/27
浙江省,Zhejiang,128,2020/1/27
贵州省,Guizhou,7,2020/1/27
湖南省,Hunan,100,2020/1/27
安徽省,Anhui,70,2020/1/27
河南省,Henan,128,2020/1/27
广西壮族自治区,Guangxi,46,2020/1/27
山西省,Shanxi,13,2020/1/27
澳门,Macao,6,2020/1/27
香港,Hongkong,8,2020/1/27
北京市,Beijing,68,2020/1/26
云南省,Yunnan,16,2020/1/26
台湾,Taiwan,4,2020/1/26
天津市,Tianjin,14,2020/1/26
福建省,Fujian,35,2020/1/26
广东省,Guangdong,111,2020/1/26
广西壮族自治区,Guangxi,36,2020/1/26
辽宁省,Liaoning,21,2020/1/26
江苏省,Jiangsu,33,2020/1/26
山东省,Shandong,46,2020/1/26
湖北省,Hubei,1058,2020/1/26
澳门,Macao,5,2020/1/26
陕西省,Shaanxi,22,2020/1/26
四川省,Sichuan,44,2020/1/26
上海市,Shanghai,40,2020/1/26
海南省,Hainan,22,2020/1/26
宁夏回族自治区,Ningxia,4,2020/1/26
河南省,Henan,83,2020/1/26
浙江省,Zhejiang,104,2020/1/26
重庆市,Chongqing,75,2020/1/26
湖南省,Hunan,69,2020/1/26
安徽省,Anhui,60,2020/1/26
黑龙江省,Heilongjiang,15,2020/1/26
河北省,Hebei,13,2020/1/26
甘肃省,Gansu,7,2020/1/26
贵州省,Guizhou,5,2020/1/26
新疆维吾尔自治区,Xinjiang,4,2020/1/26
江西省,Jiangxi,36,2020/1/26
山西省,Shanxi,9,2020/1/26
内蒙古自治区,Neimenggu,7,2020/1/26
湖北省,Hubei,730,2020/1/25
陕西省,Shaanxi,15,2020/1/25
内蒙古自治区,Neimenggu,7,2020/1/25
北京市,Beijing,41,2020/1/25
海南省,Hainan,19,2020/1/25
辽宁省,Liaoning,16,2020/1/25
云南省,Yunnan,11,2020/1/25
天津市,Tianjin,10,2020/1/25
甘肃省,Gansu,4,2020/1/25
青海省,Qinghai,1,2020/1/25
福建省,Fujian,18,2020/1/25
山东省,Shandong,27,2020/1/25
四川省,Sichuan,28,2020/1/25
宁夏回族自治区,Ningxia,3,2020/1/25
重庆市,Chongqing,57,2020/1/25
新疆维吾尔自治区,Xinjiang,3,2020/1/25
江苏省,Jiangsu,18,2020/1/25
贵州省,Guizhou,4,2020/1/25
吉林省,Jilin,4,2020/1/25
黑龙江省,Heilongjiang,9,2020/1/25
河北省,Hebei,8,2020/1/25
浙江省,Zhejiang,62,2020/1/25
河南省,Henan,32,2020/1/25
湖南省,Hunan,43,2020/1/25
安徽省,Anhui,39,2020/1/25
广东省,Guangdong,78,2020/1/25
香港,Hongkong,5,2020/1/25
上海市,Shanghai,33,2020/1/25
山西省,Shanxi,6,2020/1/25
江西省,Jiangxi,18,2020/1/25
广西壮族自治区,Guangxi,23,2020/1/25
台湾,Taiwan,3,2020/1/25
云南省,Yunnan,5,2020/1/24
广东省,Guangdong,53,2020/1/24
浙江省,Zhejiang,43,2020/1/24
北京市,Beijing,36,2020/1/24
重庆市,Chongqing,27,2020/1/24
湖南省,Hunan,24,2020/1/24
四川省,Sichuan,15,2020/1/24
山东省,Shandong,15,2020/1/24
安徽省,Anhui,15,2020/1/24
广西壮族自治区,Guangxi,13,2020/1/24
河南省,Henan,9,2020/1/24
江苏省,Jiangsu,9,2020/1/24
海南省,Hainan,8,2020/1/24
江西省,Jiangxi,7,2020/1/24
陕西省,Shaanxi,5,2020/1/24
辽宁省,Liaoning,4,2020/1/24
天津市,Tianjin,8,2020/1/24
上海市,Shanghai,20,2020/1/24
青海省,Qinghai,0,2020/1/24
福建省,Fujian,10,2020/1/24
湖北省,Hubei,549,2020/1/24
河北省,Hebei,2,2020/1/24
黑龙江省,Heilongjiang,4,2020/1/24
宁夏回族自治区,Ningxia,2,2020/1/24
内蒙古自治区,Neimenggu,2,2020/1/24
吉林省,Jilin,3,2020/1/24
贵州省,Guizhou,3,2020/1/24
香港,Hongkong,2,2020/1/24
澳门,Macao,2,2020/1/24
新疆维吾尔自治区,Xinjiang,2,2020/1/24
甘肃省,Gansu,2,2020/1/24
台湾,Taiwan,1,2020/1/24
山西省,Shanxi,1,2020/1/24
香港,Hongkong,2,2020/1/23
甘肃省,Gansu,2,2020/1/23
江苏省,Jiangsu,5,2020/1/23
黑龙江省,Heilongjiang,2,2020/1/23
新疆维吾尔自治区,Xinjiang,2,2020/1/23
北京市,Beijing,22,2020/1/23
陕西省,Shaanxi,3,2020/1/23
广东省,Guangdong,32,2020/1/23
福建省,Fujian,5,2020/1/23
海南省,Hainan,5,2020/1/23
浙江省,Zhejiang,27,2020/1/23
江西省,Jiangxi,3,2020/1/23
贵州省,Guizhou,3,2020/1/23
安徽省,Anhui,9,2020/1/23
重庆市,Chongqing,9,2020/1/23
内蒙古自治区,Neimenggu,0,2020/1/23
湖南省,Hunan,9,2020/1/23
吉林省,Jilin,1,2020/1/23
辽宁省,Liaoning,3,2020/1/23
四川省,Sichuan,8,2020/1/23
山东省,Shandong,6,2020/1/23
澳门,Macao,2,2020/1/23
上海市,Shanghai,16,2020/1/23
广西壮族自治区,Guangxi,5,2020/1/23
河北省,Hebei,1,2020/1/22
湖北省,Hubei,444,2020/1/22
山东省,Shandong,2,2020/1/22
广西壮族自治区,Guangxi,2,2020/1/22
河南省,Henan,5,2020/1/22
宁夏回族自治区,Ningxia,1,2020/1/22
四川省,Sichuan,5,2020/1/22
重庆市,Chongqing,6,2020/1/22
山西省,Shanxi,1,2020/1/22
湖南省,Hunan,4,2020/1/22
贵州省,Guizhou,1,2020/1/22
福建省,Fujian,1,2020/1/22
安徽省,Anhui,1,2020/1/22
辽宁省,Liaoning,2,2020/1/22
海南省,Hainan,4,2020/1/22
天津市,Tianjin,4,2020/1/22
浙江省,Zhejiang,10,2020/1/22
广东省,Guangdong,26,2020/1/22
澳门,Macao,1,2020/1/22
上海市,Shanghai,9,2020/1/22
江西省,Jiangxi,2,2020/1/22
北京市,Beijing,10,2020/1/22
云南省,Yunnan,1,2020/1/22
吉林省,Jilin,0,2020/1/22
台湾,Taiwan,1,2020/1/22
香港,Hongkong,0,2020/1/22
黑龙江省,Heilongjiang,0,2020/1/22
